account_id,customer_id,bank_id,account_number,account_type,balance,opening_date,status
1,1,4,SB0400000001,Savings,243683.76,2024-09-07,Active
2,2,6,SB0600000002,Current,153219.89,2025-05-03,Active
3,3,8,SB0800000003,Savings,186531.48,2025-04-13,Active
4,4,6,SB0600000004,Savings,198915.15,2025-11-21,Active
5,5,9,SB0900000005,Current,196226.53,2023-10-05,Active
6,6,10,SB1000000006,Savings,52227.04,2023-12-22,Active
7,7,1,SB0100000007,Savings,116829.92,2023-03-09,Inactive
8,8,4,SB0400000008,Current,206759.04,2025-01-24,Active
9,9,2,SB0200000009,Salary,64274.83,2023-03-04,Active
10,10,8,SB0800000010,Savings,148785.66,2025-08-29,Active
11,11,3,SB0300000011,Current,74842.0,2023-07-05,Active
12,12,3,SB0300000012,Salary,214992.24,2024-03-14,Active
13,13,4,SB0400000013,Current,130753.9,2025-04-18,Active
14,14,1,SB0100000014,Current,163606.03,2023-09-28,Active
15,15,1,SB0100000015,Savings,154044.25,2024-05-31,Inactive
16,16,5,SB0500000016,Current,213638.61,2025-02-10,Active
17,17,4,SB0400000017,Current,170913.06,2024-09-10,Active
18,18,7,SB0700000018,Salary,6800.16,2023-07-29,Inactive
19,19,6,SB0600000019,Salary,154217.28,2026-05-01,Active
20,20,2,SB0200000020,Current,87389.5,2023-05-11,Active
21,21,6,SB0600000021,Current,165749.3,2024-06-18,Inactive
22,22,5,SB0500000022,Savings,131736.93,2023-11-04,Active
23,23,1,SB0100000023,Salary,166829.93,2025-04-07,Active
24,24,1,SB0100000024,Salary,249379.93,2025-10-15,Active
25,25,7,SB0700000025,Current,185499.36,2025-03-06,Active
26,26,10,SB1000000026,Savings,183004.72,2024-12-03,Active
27,27,9,SB0900000027,Salary,227098.99,2025-09-01,Active
28,28,9,SB0900000028,Current,210956.48,2023-12-15,Active
29,29,3,SB0300000029,Current,120341.31,2023-07-19,Active
30,30,9,SB0900000030,Savings,165336.49,2024-11-18,Active
31,31,4,SB0400000031,Salary,108015.78,2024-09-20,Inactive
32,32,6,SB0600000032,Current,77042.52,2026-04-14,Active
33,33,8,SB0800000033,Savings,147176.71,2026-04-10,Active
34,34,8,SB0800000034,Savings,34354.9,2025-10-21,Active
35,35,9,SB0900000035,Current,18245.18,2025-04-26,Active
36,36,3,SB0300000036,Savings,105252.0,2024-12-02,Active
37,37,8,SB0800000037,Savings,216286.52,2024-10-09,Active
38,38,2,SB0200000038,Current,159603.03,2024-11-12,Active
39,39,1,SB0100000039,Savings,72014.33,2025-07-14,Active
40,40,3,SB0300000040,Salary,124946.39,2023-11-21,Active
41,41,2,SB0200000041,Savings,160204.45,2025-06-07,Active
42,42,8,SB0800000042,Current,14242.7,2023-01-10,Active
43,43,6,SB0600000043,Savings,190427.7,2024-10-21,Active
44,44,1,SB0100000044,Salary,158538.3,2023-01-09,Active
45,45,6,SB0600000045,Current,30163.51,2023-09-22,Active
46,46,5,SB0500000046,Savings,206841.74,2023-05-14,Active
47,47,5,SB0500000047,Current,151110.63,2025-12-01,Active
48,48,3,SB0300000048,Current,93016.47,2025-09-30,Active
49,49,7,SB0700000049,Savings,59958.73,2024-04-12,Inactive
50,50,4,SB0400000050,Salary,149474.74,2023-02-14,Active
51,51,6,SB0600000051,Salary,96922.15,2023-03-18,Active
52,52,9,SB0900000052,Salary,150511.4,2023-04-10,Active
53,53,2,SB0200000053,Salary,16817.59,2023-02-10,Active
54,54,8,SB0800000054,Current,139084.18,2023-09-11,Active
55,55,3,SB0300000055,Savings,78773.53,2023-01-20,Active
56,56,9,SB0900000056,Current,176677.95,2026-05-25,Active
57,57,2,SB0200000057,Salary,74263.16,2023-08-30,Active
58,58,8,SB0800000058,Savings,53938.6,2026-06-01,Active
59,59,9,SB0900000059,Savings,177342.0,2025-01-03,Active
60,60,1,SB0100000060,Salary,228037.37,2025-10-13,Active
61,61,8,SB0800000061,Current,5670.81,2024-04-25,Active
62,62,2,SB0200000062,Salary,41540.4,2025-10-08,Active
63,63,9,SB0900000063,Savings,226670.95,2023-07-27,Active
64,64,8,SB0800000064,Current,118747.95,2024-06-24,Active
65,65,3,SB0300000065,Savings,93252.59,2024-08-18,Active
66,66,7,SB0700000066,Salary,28274.63,2023-08-26,Active
67,67,1,SB0100000067,Savings,167521.98,2023-10-11,Active
68,68,6,SB0600000068,Current,220226.51,2024-07-03,Active
69,69,6,SB0600000069,Savings,103190.49,2023-08-22,Inactive
70,70,5,SB0500000070,Current,200975.28,2025-09-06,Active
71,71,3,SB0300000071,Savings,175561.62,2023-09-29,Active
72,72,3,SB0300000072,Savings,228250.56,2025-05-02,Active
73,73,10,SB1000000073,Salary,49408.84,2025-06-16,Active
74,74,6,SB0600000074,Salary,216331.06,2023-03-01,Active
75,75,3,SB0300000075,Current,32669.68,2025-09-26,Active
76,76,1,SB0100000076,Savings,165468.52,2024-06-19,Active
77,77,9,SB0900000077,Salary,182324.52,2026-03-26,Active
78,78,6,SB0600000078,Salary,173619.2,2025-12-07,Active
79,79,7,SB0700000079,Salary,123072.77,2024-05-24,Active
80,80,7,SB0700000080,Savings,223555.16,2026-02-17,Active
81,81,1,SB0100000081,Salary,128864.06,2023-11-18,Active
82,82,8,SB0800000082,Savings,189100.35,2023-06-03,Active
83,83,6,SB0600000083,Current,129197.69,2023-04-14,Active
84,84,7,SB0700000084,Current,24313.5,2024-04-26,Active
85,85,10,SB1000000085,Current,214864.36,2023-06-30,Active
86,86,2,SB0200000086,Current,30147.61,2023-02-06,Active
87,87,9,SB0900000087,Salary,207347.65,2023-01-01,Active
88,88,10,SB1000000088,Salary,223077.17,2024-09-15,Active
89,89,8,SB0800000089,Current,207201.19,2025-01-14,Active
90,90,8,SB0800000090,Current,193017.02,2026-02-21,Active
91,91,6,SB0600000091,Salary,32935.72,2025-07-15,Active
92,92,4,SB0400000092,Savings,92009.05,2024-11-30,Active
93,93,5,SB0500000093,Salary,96603.14,2025-12-05,Active
94,94,3,SB0300000094,Current,206350.47,2023-10-15,Active
95,95,7,SB0700000095,Savings,154658.68,2024-06-04,Active
96,96,7,SB0700000096,Savings,207015.77,2025-07-25,Active
97,97,6,SB0600000097,Savings,16392.59,2025-04-28,Active
98,98,10,SB1000000098,Savings,117060.03,2025-07-11,Active
99,99,9,SB0900000099,Savings,6062.72,2025-10-18,Active
100,100,9,SB0900000100,Current,123318.33,2026-04-13,Active
101,101,3,SB0300000101,Salary,47544.32,2026-03-30,Active
102,102,2,SB0200000102,Current,153509.39,2026-05-14,Active
103,103,7,SB0700000103,Current,229398.01,2026-06-01,Active
104,104,5,SB0500000104,Current,242770.45,2024-12-03,Active
105,105,3,SB0300000105,Savings,152618.49,2025-04-25,Inactive
106,106,9,SB0900000106,Current,215873.35,2026-01-26,Active
107,107,9,SB0900000107,Salary,54217.83,2024-03-21,Active
108,108,5,SB0500000108,Salary,230691.98,2024-12-08,Active
109,109,3,SB0300000109,Salary,175106.43,2026-01-16,Active
110,110,2,SB0200000110,Current,122690.63,2026-02-25,Active
111,111,7,SB0700000111,Salary,75052.36,2025-12-29,Active
112,112,1,SB0100000112,Salary,11191.67,2023-08-07,Active
113,113,1,SB0100000113,Savings,188795.33,2024-06-30,Active
114,114,5,SB0500000114,Salary,40874.96,2024-05-28,Active
115,115,5,SB0500000115,Savings,12915.06,2026-01-13,Active
116,116,2,SB0200000116,Salary,216886.16,2026-02-24,Active
117,117,9,SB0900000117,Current,130175.96,2024-05-01,Active
118,118,5,SB0500000118,Salary,231988.78,2023-04-07,Active
119,119,6,SB0600000119,Salary,8176.48,2023-04-21,Active
120,120,10,SB1000000120,Current,228314.16,2024-04-06,Active
121,121,6,SB0600000121,Salary,185920.26,2026-01-24,Active
122,122,4,SB0400000122,Current,48469.35,2025-07-08,Active
123,123,3,SB0300000123,Savings,34241.68,2025-11-18,Active
124,124,5,SB0500000124,Salary,36866.3,2024-06-25,Active
125,125,5,SB0500000125,Savings,119251.18,2024-11-07,Inactive
126,126,1,SB0100000126,Savings,151235.68,2024-10-22,Active
127,127,10,SB1000000127,Salary,125184.98,2024-09-08,Active
128,128,6,SB0600000128,Savings,133721.79,2024-10-12,Inactive
129,129,9,SB0900000129,Savings,44045.77,2025-10-31,Active
130,130,7,SB0700000130,Savings,59193.53,2024-12-16,Active
131,131,6,SB0600000131,Current,76925.72,2025-01-08,Inactive
132,132,10,SB1000000132,Salary,249174.62,2025-08-30,Active
133,133,1,SB0100000133,Savings,114188.48,2024-12-09,Inactive
134,134,10,SB1000000134,Salary,239929.72,2024-05-14,Active
135,135,6,SB0600000135,Current,99539.6,2023-08-21,Active
136,136,5,SB0500000136,Savings,206416.72,2025-11-24,Active
137,137,9,SB0900000137,Current,15743.66,2025-09-23,Inactive
138,138,4,SB0400000138,Current,25174.63,2025-11-18,Active
139,139,9,SB0900000139,Salary,158598.6,2023-01-16,Active
140,140,4,SB0400000140,Salary,209737.94,2025-05-18,Active
141,141,7,SB0700000141,Salary,187988.25,2023-05-28,Active
142,142,8,SB0800000142,Salary,14282.15,2024-11-10,Active
143,143,3,SB0300000143,Current,22258.31,2026-02-16,Active
144,144,5,SB0500000144,Current,115525.79,2025-03-05,Active
145,145,6,SB0600000145,Savings,169958.19,2025-03-08,Active
146,146,10,SB1000000146,Savings,16151.63,2026-04-14,Active
147,147,6,SB0600000147,Salary,76009.97,2023-08-06,Active
148,148,10,SB1000000148,Savings,192492.19,2024-07-30,Active
149,149,7,SB0700000149,Salary,121126.98,2023-03-05,Active
150,150,3,SB0300000150,Salary,200208.76,2025-03-11,Active
151,151,5,SB0500000151,Salary,78023.84,2023-10-23,Inactive
152,152,6,SB0600000152,Savings,219317.9,2026-02-07,Active
153,153,1,SB0100000153,Savings,151180.45,2026-03-18,Active
154,154,2,SB0200000154,Current,188332.66,2024-03-06,Inactive
155,155,6,SB0600000155,Savings,226878.87,2025-04-25,Active
156,156,3,SB0300000156,Savings,59093.05,2024-01-12,Active
157,157,4,SB0400000157,Savings,169389.59,2024-01-07,Active
158,158,1,SB0100000158,Salary,162945.26,2025-08-02,Active
159,159,2,SB0200000159,Current,53367.31,2023-07-21,Active
160,160,6,SB0600000160,Current,169467.41,2023-09-20,Active
161,161,5,SB0500000161,Salary,225529.05,2023-05-23,Active
162,162,8,SB0800000162,Current,174897.24,2024-09-18,Active
163,163,10,SB1000000163,Current,239871.44,2024-10-09,Active
164,164,6,SB0600000164,Savings,179488.79,2024-03-29,Active
165,165,5,SB0500000165,Current,171497.14,2023-10-03,Active
166,166,8,SB0800000166,Current,92891.69,2025-07-01,Active
167,167,9,SB0900000167,Savings,163160.14,2023-12-26,Active
168,168,5,SB0500000168,Savings,53125.82,2026-01-08,Active
169,169,2,SB0200000169,Salary,223565.77,2023-06-04,Active
170,170,1,SB0100000170,Salary,104257.94,2026-03-31,Active
171,171,1,SB0100000171,Salary,138149.98,2024-06-17,Inactive
172,172,8,SB0800000172,Salary,94625.56,2023-11-01,Active
173,173,10,SB1000000173,Salary,37800.91,2024-08-18,Active
174,174,2,SB0200000174,Current,128030.98,2025-01-15,Active
175,175,10,SB1000000175,Salary,190515.49,2023-12-06,Active
176,176,3,SB0300000176,Savings,237434.4,2026-03-05,Active
177,177,3,SB0300000177,Salary,235097.94,2025-09-17,Active
178,178,8,SB0800000178,Savings,69767.49,2023-05-09,Active
179,179,4,SB0400000179,Salary,100082.81,2025-01-09,Inactive
180,180,1,SB0100000180,Savings,30290.13,2024-10-25,Inactive
181,181,5,SB0500000181,Salary,146764.7,2024-06-23,Active
182,182,7,SB0700000182,Salary,94497.71,2025-02-14,Active
183,183,2,SB0200000183,Salary,97200.55,2024-05-30,Inactive
184,184,9,SB0900000184,Current,205223.01,2024-12-23,Active
185,185,8,SB0800000185,Salary,127950.06,2023-01-14,Active
186,186,3,SB0300000186,Savings,131062.61,2023-06-07,Active
187,187,3,SB0300000187,Savings,93744.62,2023-11-19,Active
188,188,2,SB0200000188,Salary,106580.35,2024-04-16,Active
189,189,2,SB0200000189,Current,122360.19,2025-09-07,Active
190,190,7,SB0700000190,Savings,15570.36,2024-05-14,Active
191,191,3,SB0300000191,Savings,14601.76,2025-11-15,Active
192,192,1,SB0100000192,Savings,230999.48,2024-06-12,Active
193,193,7,SB0700000193,Salary,161217.56,2026-02-28,Active
194,194,5,SB0500000194,Savings,115054.82,2024-03-19,Inactive
195,195,8,SB0800000195,Savings,208439.08,2024-03-25,Active
196,196,10,SB1000000196,Savings,69807.57,2025-11-12,Active
197,197,6,SB0600000197,Current,149696.02,2026-05-06,Active
198,198,7,SB0700000198,Savings,9057.84,2023-08-11,Active
199,199,9,SB0900000199,Salary,207495.98,2025-05-09,Active
200,200,3,SB0300000200,Current,14563.96,2026-05-13,Active
201,201,9,SB0900000201,Savings,123149.03,2023-07-10,Active
202,202,10,SB1000000202,Salary,224757.39,2023-01-03,Active
203,203,7,SB0700000203,Salary,95742.48,2025-05-11,Active
204,204,9,SB0900000204,Current,234913.3,2024-04-14,Active
205,205,7,SB0700000205,Current,202132.15,2026-04-21,Inactive
206,206,10,SB1000000206,Savings,37801.36,2025-05-21,Active
207,207,4,SB0400000207,Savings,151581.63,2024-08-03,Active
208,208,5,SB0500000208,Savings,178741.47,2023-01-12,Active
209,209,10,SB1000000209,Salary,132341.65,2023-08-30,Active
210,210,4,SB0400000210,Salary,105167.04,2024-10-08,Active
211,211,7,SB0700000211,Salary,67140.02,2026-04-13,Active
212,212,7,SB0700000212,Salary,154910.77,2025-01-18,Inactive
213,213,7,SB0700000213,Savings,140265.71,2025-04-26,Active
214,214,3,SB0300000214,Current,140953.28,2026-02-19,Active
215,215,5,SB0500000215,Salary,194677.65,2024-12-06,Active
216,216,3,SB0300000216,Salary,188214.48,2023-09-01,Active
217,217,3,SB0300000217,Savings,129544.17,2024-03-15,Active
218,218,9,SB0900000218,Salary,44380.81,2023-04-17,Inactive
219,219,1,SB0100000219,Savings,120558.82,2023-10-25,Active
220,220,2,SB0200000220,Savings,59333.71,2024-06-22,Active
221,221,1,SB0100000221,Salary,233017.82,2025-02-26,Active
222,222,9,SB0900000222,Current,19078.44,2026-05-08,Active
223,223,3,SB0300000223,Salary,112548.15,2025-10-09,Active
224,224,9,SB0900000224,Current,13234.29,2024-02-03,Active
225,225,9,SB0900000225,Salary,155721.55,2024-04-19,Active
226,226,6,SB0600000226,Savings,244033.25,2023-01-01,Active
227,227,5,SB0500000227,Current,169067.2,2024-12-24,Active
228,228,4,SB0400000228,Salary,185546.76,2023-02-01,Active
229,229,2,SB0200000229,Salary,182903.98,2024-08-05,Active
230,230,10,SB1000000230,Current,241005.48,2024-12-12,Active
231,231,10,SB1000000231,Savings,232779.89,2025-07-20,Active
232,232,5,SB0500000232,Savings,129028.33,2025-04-13,Active
233,233,9,SB0900000233,Current,237018.79,2024-11-27,Active
234,234,5,SB0500000234,Salary,66284.67,2026-03-23,Active
235,235,7,SB0700000235,Salary,193641.96,2025-09-17,Active
236,236,8,SB0800000236,Salary,224648.34,2025-08-01,Active
237,237,8,SB0800000237,Savings,21550.79,2024-06-12,Active
238,238,4,SB0400000238,Salary,201039.54,2024-04-15,Active
239,239,6,SB0600000239,Salary,7382.18,2026-01-02,Active
240,240,4,SB0400000240,Current,102738.01,2023-07-10,Active
241,241,6,SB0600000241,Savings,233192.08,2026-02-09,Active
242,242,6,SB0600000242,Savings,70923.57,2026-03-20,Inactive
243,243,4,SB0400000243,Current,62541.04,2024-02-13,Active
244,244,5,SB0500000244,Savings,54677.81,2024-04-14,Active
245,245,10,SB1000000245,Current,195839.93,2023-11-16,Active
246,246,2,SB0200000246,Salary,155387.61,2025-10-05,Active
247,247,9,SB0900000247,Savings,95943.15,2025-09-14,Active
248,248,10,SB1000000248,Current,49803.61,2025-10-02,Active
249,249,9,SB0900000249,Current,59412.73,2025-03-25,Active
250,250,1,SB0100000250,Salary,122188.42,2025-05-16,Active
251,251,9,SB0900000251,Current,215798.03,2025-03-17,Active
252,252,8,SB0800000252,Savings,117717.29,2025-11-27,Active
253,253,1,SB0100000253,Salary,97959.86,2024-03-07,Active
254,254,6,SB0600000254,Salary,50852.35,2024-06-15,Active
255,255,5,SB0500000255,Current,94651.42,2024-12-03,Active
256,256,4,SB0400000256,Current,94444.11,2025-02-01,Active
257,257,8,SB0800000257,Savings,37129.1,2026-03-16,Active
258,258,4,SB0400000258,Savings,202001.46,2024-07-06,Active
259,259,7,SB0700000259,Savings,201009.18,2023-10-26,Active
260,260,8,SB0800000260,Savings,108272.56,2023-12-28,Active
261,261,9,SB0900000261,Salary,197406.57,2024-10-08,Active
262,262,9,SB0900000262,Salary,102608.47,2023-04-08,Active
263,263,1,SB0100000263,Savings,121752.16,2024-06-04,Active
264,264,8,SB0800000264,Salary,68643.43,2024-11-16,Active
265,265,9,SB0900000265,Current,9859.66,2024-12-05,Active
266,266,10,SB1000000266,Savings,146094.14,2026-03-27,Active
267,267,3,SB0300000267,Current,84647.12,2024-12-28,Active
268,268,8,SB0800000268,Savings,155347.62,2025-02-19,Active
269,269,3,SB0300000269,Savings,108345.04,2024-11-21,Active
270,270,7,SB0700000270,Savings,44689.87,2023-06-12,Active
271,271,6,SB0600000271,Salary,179056.2,2024-08-19,Active
272,272,7,SB0700000272,Current,196338.64,2025-06-30,Inactive
273,273,10,SB1000000273,Salary,106427.32,2025-07-11,Active
274,274,1,SB0100000274,Savings,167195.52,2024-04-25,Inactive
275,275,2,SB0200000275,Savings,102276.17,2023-12-08,Active
276,276,8,SB0800000276,Salary,11459.4,2023-04-21,Active
277,277,2,SB0200000277,Savings,156435.03,2024-06-21,Active
278,278,7,SB0700000278,Current,65612.15,2024-04-14,Active
279,279,3,SB0300000279,Savings,210436.86,2025-12-14,Active
280,280,6,SB0600000280,Current,119462.4,2025-09-02,Active
281,281,5,SB0500000281,Salary,38103.15,2025-06-30,Inactive
282,282,9,SB0900000282,Savings,151408.13,2026-04-25,Active
283,283,10,SB1000000283,Current,161747.69,2025-12-08,Active
284,284,6,SB0600000284,Current,60646.47,2026-01-10,Active
285,285,5,SB0500000285,Current,68652.73,2025-04-24,Active
286,286,1,SB0100000286,Salary,89251.8,2023-10-07,Active
287,287,1,SB0100000287,Salary,237004.59,2025-10-04,Active
288,288,1,SB0100000288,Current,151265.92,2024-08-22,Active
289,289,9,SB0900000289,Current,105875.29,2024-01-22,Active
290,290,7,SB0700000290,Savings,180159.81,2023-12-01,Active
291,291,7,SB0700000291,Savings,24406.38,2024-06-22,Active
292,292,9,SB0900000292,Salary,74745.83,2024-07-10,Active
293,293,5,SB0500000293,Current,214103.1,2024-01-21,Active
294,294,5,SB0500000294,Savings,156343.71,2025-07-21,Active
295,295,10,SB1000000295,Current,83557.71,2024-01-20,Active
296,296,9,SB0900000296,Savings,243221.49,2024-01-16,Active
297,297,3,SB0300000297,Salary,183141.23,2025-06-16,Active
298,298,3,SB0300000298,Savings,58211.08,2025-10-07,Active
299,299,8,SB0800000299,Current,175749.03,2025-08-07,Active
300,300,2,SB0200000300,Savings,70293.38,2023-04-25,Active
301,301,9,SB0900000301,Current,52087.11,2024-01-07,Active
302,302,7,SB0700000302,Savings,243776.63,2023-09-07,Active
303,303,7,SB0700000303,Current,185716.66,2024-05-21,Active
304,304,8,SB0800000304,Salary,132679.08,2023-07-12,Inactive
305,305,8,SB0800000305,Current,234372.74,2024-10-01,Active
306,306,1,SB0100000306,Salary,132626.93,2026-01-30,Active
307,307,5,SB0500000307,Savings,222442.3,2025-01-08,Active
308,308,4,SB0400000308,Savings,160062.7,2024-04-28,Active
309,309,3,SB0300000309,Current,34314.15,2026-04-12,Active
310,310,1,SB0100000310,Savings,196951.43,2026-04-05,Active
311,311,10,SB1000000311,Savings,193845.27,2025-01-30,Active
312,312,8,SB0800000312,Savings,233057.95,2024-11-24,Inactive
313,313,1,SB0100000313,Savings,162920.85,2024-12-29,Active
314,314,2,SB0200000314,Savings,62005.28,2025-09-26,Inactive
315,315,6,SB0600000315,Current,10231.44,2024-01-31,Active
316,316,3,SB0300000316,Current,123899.02,2023-03-22,Active
317,317,5,SB0500000317,Salary,51495.08,2025-09-30,Active
318,318,6,SB0600000318,Current,72454.49,2025-08-17,Active
319,319,9,SB0900000319,Savings,135128.67,2023-05-22,Active
320,320,5,SB0500000320,Salary,116249.35,2025-01-21,Active
321,321,9,SB0900000321,Current,221318.43,2024-01-15,Active
322,322,6,SB0600000322,Salary,83570.05,2024-05-04,Active
323,323,9,SB0900000323,Current,133397.09,2024-01-24,Active
324,324,9,SB0900000324,Savings,84037.01,2024-08-02,Active
325,325,2,SB0200000325,Savings,166428.3,2025-12-07,Active
326,326,3,SB0300000326,Savings,54509.36,2023-03-06,Active
327,327,2,SB0200000327,Savings,162229.16,2026-03-15,Active
328,328,8,SB0800000328,Salary,67704.94,2026-04-23,Active
329,329,10,SB1000000329,Salary,8206.1,2023-05-26,Inactive
330,330,8,SB0800000330,Savings,201249.89,2025-08-16,Active
331,331,9,SB0900000331,Salary,206396.5,2025-05-01,Active
332,332,1,SB0100000332,Salary,134610.1,2024-06-28,Active
333,333,5,SB0500000333,Savings,240343.75,2024-03-18,Active
334,334,4,SB0400000334,Salary,51417.8,2025-02-28,Active
335,335,4,SB0400000335,Salary,141813.75,2024-01-02,Active
336,336,2,SB0200000336,Salary,92701.02,2026-03-26,Active
337,337,7,SB0700000337,Savings,199153.09,2023-12-08,Active
338,338,9,SB0900000338,Current,135805.62,2023-11-20,Active
339,339,6,SB0600000339,Current,247908.43,2026-01-31,Active
340,340,6,SB0600000340,Current,207407.97,2025-05-31,Active
341,341,4,SB0400000341,Salary,57412.39,2026-01-22,Active
342,342,5,SB0500000342,Current,114637.45,2025-07-15,Active
343,343,1,SB0100000343,Current,8994.1,2026-05-05,Active
344,344,5,SB0500000344,Savings,246176.63,2024-09-07,Active
345,345,6,SB0600000345,Savings,230182.46,2024-07-19,Active
346,346,10,SB1000000346,Salary,28100.35,2023-11-13,Active
347,347,3,SB0300000347,Savings,94935.31,2024-06-26,Active
348,348,4,SB0400000348,Current,27516.75,2024-09-07,Active
349,349,4,SB0400000349,Salary,182277.23,2023-06-08,Active
350,350,3,SB0300000350,Current,205781.24,2026-03-26,Active
351,351,5,SB0500000351,Savings,98478.8,2026-03-26,Active
352,352,6,SB0600000352,Current,107047.82,2025-06-08,Active
353,353,4,SB0400000353,Salary,232520.03,2026-05-18,Active
354,354,7,SB0700000354,Savings,133473.92,2024-09-16,Active
355,355,10,SB1000000355,Savings,128088.39,2024-10-31,Active
356,356,1,SB0100000356,Salary,242904.86,2025-03-15,Active
357,357,10,SB1000000357,Salary,59410.98,2023-07-04,Active
358,358,7,SB0700000358,Savings,87361.2,2023-09-28,Active
359,359,1,SB0100000359,Salary,69326.7,2025-03-28,Active
360,360,7,SB0700000360,Salary,191698.07,2023-09-25,Active
361,361,4,SB0400000361,Current,164800.87,2025-03-20,Active
362,362,10,SB1000000362,Salary,65330.23,2025-12-09,Active
363,363,7,SB0700000363,Current,26950.69,2026-03-25,Active
364,364,7,SB0700000364,Current,51669.99,2024-12-14,Active
365,365,1,SB0100000365,Current,246974.72,2023-12-13,Active
366,366,8,SB0800000366,Salary,112913.54,2023-10-26,Inactive
367,367,4,SB0400000367,Savings,43217.85,2025-02-04,Active
368,368,2,SB0200000368,Savings,64546.84,2023-04-22,Active
369,369,3,SB0300000369,Current,89101.49,2023-01-29,Active
370,370,5,SB0500000370,Current,10573.29,2025-08-22,Active
371,371,9,SB0900000371,Savings,138873.93,2024-02-22,Active
372,372,9,SB0900000372,Current,175292.43,2023-10-17,Active
373,373,7,SB0700000373,Salary,15653.09,2025-12-14,Active
374,374,5,SB0500000374,Savings,18005.89,2024-07-09,Active
375,375,1,SB0100000375,Savings,166791.34,2025-03-06,Active
376,376,6,SB0600000376,Savings,76661.42,2023-02-09,Inactive
377,377,7,SB0700000377,Savings,129592.38,2025-02-18,Active
378,378,6,SB0600000378,Current,135232.36,2026-05-07,Active
379,379,9,SB0900000379,Current,231955.74,2026-02-22,Active
380,380,4,SB0400000380,Salary,86724.56,2024-09-16,Active
381,381,3,SB0300000381,Savings,172656.28,2024-12-11,Active
382,382,5,SB0500000382,Savings,72590.18,2025-10-23,Active
383,383,5,SB0500000383,Current,236313.49,2023-03-02,Inactive
384,384,4,SB0400000384,Savings,224807.95,2024-11-30,Active
385,385,2,SB0200000385,Salary,132575.87,2025-02-21,Active
386,386,4,SB0400000386,Current,145360.15,2024-05-07,Active
387,387,5,SB0500000387,Salary,115046.45,2024-11-05,Active
388,388,3,SB0300000388,Salary,172591.92,2026-01-13,Active
389,389,3,SB0300000389,Current,227842.87,2025-12-08,Active
390,390,3,SB0300000390,Salary,229692.47,2026-03-02,Active
391,391,9,SB0900000391,Salary,50113.13,2023-08-31,Active
392,392,3,SB0300000392,Salary,192531.58,2023-03-02,Inactive
393,393,7,SB0700000393,Current,113536.1,2024-09-13,Inactive
394,394,5,SB0500000394,Savings,31159.0,2024-01-20,Active
395,395,10,SB1000000395,Salary,153373.11,2024-06-30,Active
396,396,10,SB1000000396,Savings,173407.58,2024-04-17,Active
397,397,8,SB0800000397,Savings,212303.87,2025-10-25,Active
398,398,6,SB0600000398,Savings,125404.17,2025-03-04,Active
399,399,4,SB0400000399,Savings,105104.34,2023-03-08,Inactive
400,400,5,SB0500000400,Current,186879.83,2024-03-31,Inactive
401,401,4,SB0400000401,Savings,232140.29,2023-12-29,Inactive
402,402,10,SB1000000402,Current,217359.85,2024-10-27,Inactive
403,403,7,SB0700000403,Current,153942.84,2023-03-27,Active
404,404,6,SB0600000404,Current,150482.42,2026-03-17,Active
405,405,1,SB0100000405,Salary,115644.35,2023-08-12,Active
406,406,1,SB0100000406,Savings,136777.94,2025-11-28,Inactive
407,407,1,SB0100000407,Salary,131451.04,2025-03-04,Active
408,408,1,SB0100000408,Savings,112690.7,2024-08-19,Inactive
409,409,5,SB0500000409,Current,108503.23,2023-12-07,Active
410,410,1,SB0100000410,Salary,226400.53,2025-11-24,Active
411,411,8,SB0800000411,Savings,32727.04,2025-10-22,Active
412,412,9,SB0900000412,Savings,106322.03,2025-03-16,Active
413,413,3,SB0300000413,Current,224671.29,2026-04-23,Inactive
414,414,8,SB0800000414,Savings,84398.32,2024-05-27,Active
415,415,3,SB0300000415,Salary,27341.85,2023-09-11,Active
416,416,6,SB0600000416,Savings,178283.38,2025-12-08,Active
417,417,9,SB0900000417,Salary,97776.26,2023-11-24,Active
418,418,3,SB0300000418,Current,218469.82,2026-03-04,Active
419,419,3,SB0300000419,Savings,193443.42,2024-01-02,Active
420,420,5,SB0500000420,Current,75751.23,2025-07-02,Active
421,421,3,SB0300000421,Savings,157527.28,2023-01-08,Active
422,422,8,SB0800000422,Current,138157.78,2025-10-18,Active
423,423,8,SB0800000423,Savings,149271.27,2024-03-20,Active
424,424,7,SB0700000424,Current,152298.06,2023-06-12,Active
425,425,9,SB0900000425,Current,205929.74,2026-02-15,Active
426,426,3,SB0300000426,Savings,165052.84,2023-04-23,Active
427,427,1,SB0100000427,Salary,210313.54,2026-03-29,Active
428,428,2,SB0200000428,Savings,107154.45,2023-08-12,Active
429,429,5,SB0500000429,Salary,145209.23,2026-05-03,Active
430,430,8,SB0800000430,Salary,93246.22,2026-03-31,Active
431,431,5,SB0500000431,Current,224894.8,2025-01-24,Active
432,432,7,SB0700000432,Salary,76744.01,2023-05-13,Active
433,433,5,SB0500000433,Current,106370.69,2025-12-15,Active
434,434,4,SB0400000434,Salary,31779.05,2023-04-30,Active
435,435,9,SB0900000435,Savings,182398.16,2025-09-17,Active
436,436,5,SB0500000436,Current,212710.5,2026-05-31,Active
437,437,10,SB1000000437,Salary,232140.82,2024-12-25,Active
438,438,8,SB0800000438,Salary,125663.59,2025-10-16,Active
439,439,10,SB1000000439,Savings,244918.13,2024-08-17,Active
440,440,1,SB0100000440,Current,185679.75,2023-08-30,Active
441,441,10,SB1000000441,Current,16145.59,2025-04-27,Active
442,442,4,SB0400000442,Savings,174054.18,2024-02-17,Active
443,443,2,SB0200000443,Current,129138.96,2024-09-06,Active
444,444,1,SB0100000444,Savings,88633.59,2024-11-13,Active
445,445,10,SB1000000445,Savings,52533.82,2023-12-26,Active
446,446,8,SB0800000446,Current,163184.79,2023-03-14,Active
447,447,8,SB0800000447,Salary,118305.17,2024-11-17,Active
448,448,1,SB0100000448,Salary,143410.95,2024-09-05,Active
449,449,9,SB0900000449,Salary,56024.31,2023-02-08,Active
450,450,6,SB0600000450,Savings,73712.71,2023-11-02,Active
451,451,7,SB0700000451,Salary,211389.41,2025-12-30,Active
452,452,7,SB0700000452,Savings,33626.94,2026-05-03,Active
453,453,5,SB0500000453,Salary,178910.8,2024-10-06,Active
454,454,2,SB0200000454,Current,96037.98,2024-05-01,Active
455,455,5,SB0500000455,Savings,79067.98,2025-12-11,Active
456,456,1,SB0100000456,Savings,113724.65,2023-07-09,Active
457,457,8,SB0800000457,Salary,51601.86,2023-11-12,Inactive
458,458,9,SB0900000458,Current,40107.29,2024-11-01,Active
459,459,9,SB0900000459,Salary,55270.84,2023-09-29,Active
460,460,7,SB0700000460,Salary,33379.82,2025-12-05,Active
461,461,1,SB0100000461,Salary,218609.4,2026-05-02,Active
462,462,1,SB0100000462,Savings,192714.15,2025-12-02,Active
463,463,1,SB0100000463,Salary,161518.46,2024-10-01,Active
464,464,4,SB0400000464,Savings,72779.14,2024-08-09,Active
465,465,8,SB0800000465,Salary,71800.28,2023-08-29,Active
466,466,2,SB0200000466,Savings,130944.86,2026-02-20,Active
467,467,6,SB0600000467,Salary,71407.76,2024-10-14,Inactive
468,468,5,SB0500000468,Salary,46962.37,2024-05-16,Active
469,469,6,SB0600000469,Salary,17427.92,2025-06-27,Active
470,470,1,SB0100000470,Savings,18180.97,2025-02-24,Active
471,471,3,SB0300000471,Salary,223362.59,2026-05-05,Active
472,472,8,SB0800000472,Salary,81547.96,2024-12-29,Active
473,473,9,SB0900000473,Savings,144108.38,2025-08-11,Active
474,474,8,SB0800000474,Savings,81045.96,2025-07-22,Active
475,475,8,SB0800000475,Current,237124.83,2024-04-19,Active
476,476,10,SB1000000476,Current,101058.84,2025-01-14,Active
477,477,6,SB0600000477,Current,124439.15,2025-07-17,Active
478,478,2,SB0200000478,Current,118004.21,2025-09-07,Active
479,479,6,SB0600000479,Salary,36211.53,2026-03-22,Active
480,480,2,SB0200000480,Current,164115.6,2026-02-12,Active
481,481,9,SB0900000481,Current,149681.31,2025-03-31,Active
482,482,4,SB0400000482,Salary,243603.47,2023-11-22,Active
483,483,6,SB0600000483,Savings,110631.38,2026-04-25,Inactive
484,484,10,SB1000000484,Current,175062.62,2026-01-20,Active
485,485,2,SB0200000485,Salary,210003.31,2026-03-21,Active
486,486,10,SB1000000486,Current,140996.49,2024-10-28,Active
487,487,3,SB0300000487,Current,22053.87,2025-04-11,Active
488,488,10,SB1000000488,Current,126102.31,2024-11-01,Active
489,489,2,SB0200000489,Savings,222379.08,2023-10-12,Inactive
490,490,1,SB0100000490,Savings,115978.73,2023-11-02,Active
491,491,10,SB1000000491,Salary,52938.32,2025-07-04,Active
492,492,6,SB0600000492,Current,199614.93,2026-03-13,Active
493,493,7,SB0700000493,Salary,247620.87,2024-12-06,Active
494,494,10,SB1000000494,Salary,212671.0,2025-04-07,Active
495,495,1,SB0100000495,Current,242135.38,2026-01-29,Active
496,496,9,SB0900000496,Current,216005.72,2023-08-13,Active
497,497,4,SB0400000497,Current,101595.74,2026-04-23,Active
498,498,7,SB0700000498,Current,111621.56,2025-02-20,Active
499,499,3,SB0300000499,Current,51115.58,2023-10-12,Active
500,500,6,SB0600000500,Current,75675.36,2023-11-12,Active
