customer_id,first_name,last_name,gender,date_of_birth,email,phone,city,registration_date
1,Akshay,Chavan,Male,2005-02-01,akshay.chavan1@example.com,9249827706,Satara,2024-07-17
2,Vivaan,Patil,Male,1999-02-19,vivaan.patil2@example.com,9200604502,Nagpur,2025-05-14
3,Kunal,Dhere,Male,1997-10-01,kunal.dhere3@example.com,9550455977,Nanded,2026-02-23
4,Meera,Kadam,Female,2002-05-26,meera.kadam4@example.com,9849621470,Kolhapur,2023-01-14
5,Rohan,Shinde,Male,1982-03-07,rohan.shinde5@example.com,9507943839,Kolhapur,2024-11-20
6,Aditi,Salunkhe,Male,1987-10-09,aditi.salunkhe6@example.com,9675770529,Ahmednagar,2023-03-30
7,Sakshi,Wagh,Male,1989-02-18,sakshi.wagh7@example.com,9488302652,Sangli,2024-08-23
8,Meera,Gaikwad,Male,1969-01-22,meera.gaikwad8@example.com,9185675980,Jalgaon,2024-04-11
9,Neha,Joshi,Female,1971-07-09,neha.joshi9@example.com,9274648506,Kolhapur,2025-07-17
10,Pooja,Kadam,Male,1978-11-09,pooja.kadam10@example.com,9673528321,Nashik,2023-05-27
11,Akshay,Kulkarni,Male,1994-07-09,akshay.kulkarni11@example.com,9924970419,Nagpur,2026-02-14
12,Aditya,More,Female,1967-06-13,aditya.more12@example.com,9709004943,Nagpur,2024-07-02
13,Rahul,Bhosale,Male,1996-07-21,rahul.bhosale13@example.com,9249926919,Sangli,2025-07-28
14,Yash,Gore,Female,2000-09-09,yash.gore14@example.com,9528853029,Nagpur,2026-04-12
15,Meera,Jadhav,Male,1973-09-16,meera.jadhav15@example.com,9217734861,Satara,2023-07-06
16,Aditya,Mane,Female,1975-11-14,aditya.mane16@example.com,9509760584,Amravati,2026-05-06
17,Kavya,Deshmukh,Female,1981-09-28,kavya.deshmukh17@example.com,9831980933,Dharashiv,2023-01-24
18,Siddharth,Salunkhe,Female,1986-02-10,siddharth.salunkhe18@example.com,9103484630,Amravati,2025-06-09
19,Sakshi,Thorat,Male,1976-09-04,sakshi.thorat19@example.com,9753876785,Nashik,2024-09-03
20,Shreya,Patil,Female,1988-03-18,shreya.patil20@example.com,9743111853,Nanded,2025-12-22
21,Akshay,Jadhav,Male,1966-02-12,akshay.jadhav21@example.com,9358633898,Mumbai,2024-09-21
22,Meera,Pawar,Female,1996-02-25,meera.pawar22@example.com,9237859287,Amravati,2025-12-26
23,Yash,More,Male,1975-05-17,yash.more23@example.com,9679064766,Sangli,2026-05-27
24,Atharva,Thorat,Male,1984-07-22,atharva.thorat24@example.com,9584779555,Nagpur,2025-02-03
25,Sneha,Dhere,Male,1979-02-11,sneha.dhere25@example.com,9347083812,Pune,2023-02-13
26,Akshay,Shinde,Female,1969-12-21,akshay.shinde26@example.com,9133729406,Mumbai,2023-05-01
27,Kunal,Dhere,Female,1997-04-09,kunal.dhere27@example.com,9242068763,Nagpur,2025-09-21
28,Rohan,Sawant,Female,1995-07-07,rohan.sawant28@example.com,9480424119,Solapur,2023-07-13
29,Vivaan,Mane,Female,1994-12-02,vivaan.mane29@example.com,9881913386,Dharashiv,2023-07-21
30,Ananya,Salunkhe,Female,1971-04-07,ananya.salunkhe30@example.com,9250519597,Nashik,2024-01-25
31,Atharva,Dhere,Male,1982-08-08,atharva.dhere31@example.com,9205128697,Satara,2023-06-04
32,Siddharth,Sawant,Female,1999-01-03,siddharth.sawant32@example.com,9621453189,Nagpur,2024-04-29
33,Aarav,Mane,Female,1990-01-06,aarav.mane33@example.com,9384759615,Aurangabad,2025-02-15
34,Kavya,Lokhande,Male,1992-12-24,kavya.lokhande34@example.com,9266211829,Aurangabad,2026-02-12
35,Vivaan,Kulkarni,Male,1978-01-19,vivaan.kulkarni35@example.com,9161380746,Latur,2026-01-15
36,Siddharth,Jadhav,Male,1995-09-28,siddharth.jadhav36@example.com,9645276696,Jalgaon,2025-12-23
37,Kavya,Chavan,Male,1976-02-20,kavya.chavan37@example.com,9533550699,Ahmednagar,2023-05-20
38,Vivaan,Wagh,Female,2001-04-19,vivaan.wagh38@example.com,9188029013,Satara,2026-05-02
39,Shreya,Bhosale,Female,2002-10-17,shreya.bhosale39@example.com,9319321646,Nagpur,2024-10-09
40,Atharva,Kulkarni,Male,1981-07-05,atharva.kulkarni40@example.com,9907308348,Pune,2024-09-06
41,Aditya,Dhere,Female,1994-10-19,aditya.dhere41@example.com,9328872698,Nashik,2023-07-24
42,Saurabh,Kadam,Female,1987-02-08,saurabh.kadam42@example.com,9570497096,Latur,2025-01-26
43,Saurabh,Deshmukh,Female,1998-01-22,saurabh.deshmukh43@example.com,9244193987,Mumbai,2026-02-09
44,Nikhil,Gaikwad,Male,1971-12-18,nikhil.gaikwad44@example.com,9749431082,Sangli,2023-11-15
45,Riya,Lokhande,Male,1986-04-22,riya.lokhande45@example.com,9369639388,Mumbai,2024-06-24
46,Vivaan,Patil,Male,2005-07-27,vivaan.patil46@example.com,9458153605,Satara,2024-07-20
47,Ananya,Sawant,Male,1981-03-24,ananya.sawant47@example.com,9702269164,Mumbai,2025-06-23
48,Vivaan,Joshi,Male,1969-12-05,vivaan.joshi48@example.com,9725464884,Solapur,2026-01-22
49,Mrunal,Jadhav,Male,1973-01-10,mrunal.jadhav49@example.com,9484194737,Satara,2025-01-16
50,Meera,Dhere,Male,1980-11-04,meera.dhere50@example.com,9536344399,Ahmednagar,2024-12-25
51,Mrunal,Sawant,Male,1980-03-26,mrunal.sawant51@example.com,9126614158,Sangli,2023-12-29
52,Nikhil,Kadam,Male,1986-07-26,nikhil.kadam52@example.com,9945436943,Solapur,2024-05-23
53,Sakshi,Salunkhe,Female,1967-08-08,sakshi.salunkhe53@example.com,9475442872,Jalgaon,2024-02-13
54,Om,Kulkarni,Male,1979-04-01,om.kulkarni54@example.com,9399147754,Dharashiv,2024-01-31
55,Om,Dhere,Male,1982-06-21,om.dhere55@example.com,9455569462,Mumbai,2025-11-09
56,Vivaan,Deshmukh,Female,1981-03-19,vivaan.deshmukh56@example.com,9740563507,Kolhapur,2024-06-27
57,Rohan,Mane,Male,1985-07-20,rohan.mane57@example.com,9719106699,Aurangabad,2025-11-13
58,Riya,Dhere,Male,1967-12-14,riya.dhere58@example.com,9837507241,Kolhapur,2023-01-04
59,Pooja,Kulkarni,Male,1992-02-22,pooja.kulkarni59@example.com,9812306873,Sangli,2024-11-07
60,Pranav,Mane,Female,1984-09-10,pranav.mane60@example.com,9848621833,Amravati,2025-04-16
61,Kavya,Kadam,Female,1973-04-14,kavya.kadam61@example.com,9760904107,Solapur,2025-02-15
62,Kunal,Sawant,Female,2000-01-10,kunal.sawant62@example.com,9943702118,Nanded,2024-08-10
63,Riya,Lokhande,Male,1993-08-22,riya.lokhande63@example.com,9952266893,Satara,2024-03-13
64,Aditya,Chavan,Female,1970-05-17,aditya.chavan64@example.com,9822408848,Nagpur,2024-11-17
65,Akshay,Lokhande,Male,1977-03-01,akshay.lokhande65@example.com,9756350429,Nanded,2023-04-05
66,Isha,Mane,Female,1991-11-19,isha.mane66@example.com,9630833445,Nagpur,2024-02-03
67,Mrunal,Deshmukh,Female,1974-11-23,mrunal.deshmukh67@example.com,9935822550,Nagpur,2023-01-12
68,Vivaan,Dhere,Male,1976-12-17,vivaan.dhere68@example.com,9367574609,Nanded,2025-08-09
69,Ananya,Wagh,Female,1973-08-22,ananya.wagh69@example.com,9440696084,Latur,2025-12-23
70,Atharva,Kadam,Female,1997-07-27,atharva.kadam70@example.com,9898493949,Nanded,2026-01-27
71,Meera,Thorat,Male,1981-04-27,meera.thorat71@example.com,9620332086,Aurangabad,2024-07-21
72,Akshay,Bhosale,Female,1993-02-23,akshay.bhosale72@example.com,9460613550,Ahmednagar,2024-08-08
73,Akshay,Mane,Male,1999-02-05,akshay.mane73@example.com,9845122940,Sangli,2023-11-05
74,Pranav,Dhere,Female,1978-02-14,pranav.dhere74@example.com,9600282414,Pune,2025-04-14
75,Isha,Patil,Female,1978-07-13,isha.patil75@example.com,9922050912,Nanded,2026-04-11
76,Priya,Sawant,Male,1965-06-10,priya.sawant76@example.com,9677909930,Nanded,2025-03-09
77,Aarav,Mane,Female,1979-05-14,aarav.mane77@example.com,9460916347,Sangli,2025-09-21
78,Aarav,Mane,Male,1975-08-05,aarav.mane78@example.com,9735540030,Mumbai,2025-12-29
79,Siddharth,Jadhav,Female,1992-03-28,siddharth.jadhav79@example.com,9379340713,Kolhapur,2025-08-03
80,Meera,Mane,Female,1978-08-11,meera.mane80@example.com,9398775766,Aurangabad,2024-11-22
81,Vivaan,Joshi,Male,1970-08-01,vivaan.joshi81@example.com,9340756713,Dharashiv,2026-01-09
82,Sakshi,Patil,Male,1967-01-08,sakshi.patil82@example.com,9767154083,Nagpur,2024-02-13
83,Sneha,More,Female,1973-08-22,sneha.more83@example.com,9599326438,Dharashiv,2023-08-23
84,Aditi,Deshmukh,Male,1988-03-20,aditi.deshmukh84@example.com,9935147672,Aurangabad,2026-05-28
85,Sneha,Mane,Male,1971-10-01,sneha.mane85@example.com,9525904456,Mumbai,2024-09-30
86,Rohan,Gaikwad,Male,2002-12-27,rohan.gaikwad86@example.com,9834717549,Dharashiv,2024-05-12
87,Yash,Joshi,Female,2001-01-12,yash.joshi87@example.com,9174041730,Pune,2025-12-27
88,Tejas,Salunkhe,Male,1991-08-04,tejas.salunkhe88@example.com,9859466878,Solapur,2025-06-06
89,Pooja,Dhere,Female,1976-12-17,pooja.dhere89@example.com,9931764920,Nanded,2024-07-07
90,Pranav,Chavan,Male,1992-12-19,pranav.chavan90@example.com,9991990632,Aurangabad,2024-07-03
91,Sneha,Wagh,Female,1993-04-25,sneha.wagh91@example.com,9817461907,Kolhapur,2025-08-09
92,Siddharth,Lokhande,Female,1966-08-28,siddharth.lokhande92@example.com,9327761953,Dharashiv,2024-10-27
93,Isha,Bhosale,Male,1981-06-09,isha.bhosale93@example.com,9696776072,Amravati,2026-05-05
94,Vedant,Dhere,Male,1977-02-08,vedant.dhere94@example.com,9914073098,Sangli,2025-04-12
95,Atharva,Patil,Female,1995-11-23,atharva.patil95@example.com,9199915275,Nagpur,2025-10-02
96,Kavya,Gore,Female,1990-12-08,kavya.gore96@example.com,9496232693,Amravati,2024-09-19
97,Pranav,Joshi,Female,1998-06-14,pranav.joshi97@example.com,9854684750,Aurangabad,2026-02-01
98,Aditi,More,Male,1984-05-08,aditi.more98@example.com,9438817025,Sangli,2023-09-05
99,Kunal,Lokhande,Female,1999-12-06,kunal.lokhande99@example.com,9396889215,Mumbai,2024-01-28
100,Siddharth,Gaikwad,Male,1977-05-08,siddharth.gaikwad100@example.com,9115191689,Aurangabad,2025-01-09
101,Isha,Pawar,Female,1967-01-18,isha.pawar101@example.com,9784907325,Mumbai,2024-08-21
102,Vedant,Salunkhe,Male,1965-10-10,vedant.salunkhe102@example.com,9465830215,Pune,2025-08-19
103,Om,Lokhande,Male,1981-08-04,om.lokhande103@example.com,9179545125,Nashik,2023-05-14
104,Akshay,Deshmukh,Female,1974-10-10,akshay.deshmukh104@example.com,9699226355,Latur,2023-06-24
105,Om,Salunkhe,Female,2003-10-08,om.salunkhe105@example.com,9575368059,Jalgaon,2025-12-06
106,Pooja,Jadhav,Male,2002-07-10,pooja.jadhav106@example.com,9754586204,Dharashiv,2026-03-10
107,Kavya,Shinde,Male,1978-11-07,kavya.shinde107@example.com,9268638768,Nashik,2024-06-25
108,Yash,Salunkhe,Female,2000-02-06,yash.salunkhe108@example.com,9840206617,Aurangabad,2023-01-06
109,Isha,Salunkhe,Male,1967-04-10,isha.salunkhe109@example.com,9176428684,Ahmednagar,2024-08-02
110,Yash,Deshmukh,Male,1981-11-19,yash.deshmukh110@example.com,9684719405,Satara,2024-02-10
111,Aditya,Jadhav,Female,1974-05-27,aditya.jadhav111@example.com,9278158234,Latur,2023-10-19
112,Atharva,Gaikwad,Female,2001-05-15,atharva.gaikwad112@example.com,9851333320,Aurangabad,2023-09-12
113,Aditya,Wagh,Female,1997-09-16,aditya.wagh113@example.com,9142800191,Sangli,2025-06-15
114,Aditya,Chavan,Male,1985-10-09,aditya.chavan114@example.com,9824022357,Dharashiv,2023-02-22
115,Vedant,Thorat,Female,1982-10-02,vedant.thorat115@example.com,9799552991,Ahmednagar,2023-12-25
116,Neha,Lokhande,Female,1982-03-19,neha.lokhande116@example.com,9197970787,Kolhapur,2025-06-11
117,Priya,Kadam,Female,1991-06-11,priya.kadam117@example.com,9454123990,Sangli,2023-08-03
118,Sakshi,Dhere,Female,1996-05-22,sakshi.dhere118@example.com,9139403247,Mumbai,2025-03-31
119,Meera,Mane,Male,1985-05-11,meera.mane119@example.com,9652543518,Satara,2023-08-26
120,Kunal,Thorat,Female,1999-08-14,kunal.thorat120@example.com,9488457631,Satara,2023-04-22
121,Ananya,Pawar,Female,1993-01-07,ananya.pawar121@example.com,9409268943,Ahmednagar,2024-06-30
122,Tanvi,Chavan,Male,1996-02-01,tanvi.chavan122@example.com,9862123506,Aurangabad,2026-05-31
123,Aditya,Chavan,Female,2000-01-18,aditya.chavan123@example.com,9221827951,Mumbai,2025-04-15
124,Riya,Bhosale,Female,1974-08-23,riya.bhosale124@example.com,9546129354,Nanded,2024-08-20
125,Om,More,Male,1980-08-18,om.more125@example.com,9743576792,Jalgaon,2023-10-24
126,Pranav,Thorat,Male,1969-05-25,pranav.thorat126@example.com,9386874458,Aurangabad,2025-04-29
127,Priya,Pawar,Female,1984-10-19,priya.pawar127@example.com,9579476614,Kolhapur,2025-09-29
128,Om,Salunkhe,Male,1986-09-25,om.salunkhe128@example.com,9445505799,Sangli,2026-01-17
129,Priya,Sawant,Female,1980-10-13,priya.sawant129@example.com,9146865930,Sangli,2024-04-23
130,Om,Pawar,Male,1995-12-26,om.pawar130@example.com,9631855083,Nashik,2025-02-19
131,Priya,Salunkhe,Female,1997-10-11,priya.salunkhe131@example.com,9207064620,Pune,2023-07-25
132,Aditya,Lokhande,Female,1974-07-28,aditya.lokhande132@example.com,9939156387,Kolhapur,2023-11-13
133,Priya,Kulkarni,Female,2004-12-13,priya.kulkarni133@example.com,9824085842,Kolhapur,2023-06-14
134,Priya,Dhere,Male,2005-12-25,priya.dhere134@example.com,9138546365,Nagpur,2025-09-26
135,Aditi,Shinde,Male,2005-11-10,aditi.shinde135@example.com,9565973314,Dharashiv,2024-04-10
136,Atharva,Kadam,Female,2005-12-28,atharva.kadam136@example.com,9845178074,Ahmednagar,2023-07-25
137,Saurabh,Joshi,Female,1966-01-11,saurabh.joshi137@example.com,9502482554,Nashik,2023-04-25
138,Kavya,Kadam,Male,1980-09-14,kavya.kadam138@example.com,9282518553,Mumbai,2026-03-05
139,Vedant,Gore,Male,2004-07-20,vedant.gore139@example.com,9253671484,Nanded,2024-05-08
140,Kavya,Patil,Female,2005-05-15,kavya.patil140@example.com,9963968184,Ahmednagar,2024-06-06
141,Aditya,Salunkhe,Female,1983-11-18,aditya.salunkhe141@example.com,9471048258,Satara,2023-11-20
142,Priya,Gaikwad,Female,1992-12-09,priya.gaikwad142@example.com,9313907621,Jalgaon,2025-07-24
143,Sneha,Joshi,Female,1995-02-08,sneha.joshi143@example.com,9717199615,Sangli,2025-02-20
144,Nikhil,Patil,Male,1983-01-27,nikhil.patil144@example.com,9707661655,Ahmednagar,2025-03-21
145,Meera,Chavan,Female,2003-12-16,meera.chavan145@example.com,9751831074,Nagpur,2024-08-09
146,Kavya,Pawar,Male,2005-04-20,kavya.pawar146@example.com,9774576271,Ahmednagar,2024-05-28
147,Tanvi,Salunkhe,Female,2005-11-02,tanvi.salunkhe147@example.com,9135824891,Sangli,2024-09-24
148,Aditi,Sawant,Male,1973-02-10,aditi.sawant148@example.com,9288592093,Nashik,2024-10-31
149,Shreya,Bhosale,Male,1999-06-17,shreya.bhosale149@example.com,9991713190,Aurangabad,2025-10-24
150,Tanvi,Deshmukh,Male,1995-05-24,tanvi.deshmukh150@example.com,9602866993,Nashik,2024-11-24
151,Priya,Dhere,Male,1979-11-24,priya.dhere151@example.com,9492747974,Dharashiv,2025-03-24
152,Rohan,Salunkhe,Female,1990-01-09,rohan.salunkhe152@example.com,9495765839,Latur,2026-01-03
153,Kavya,Chavan,Male,1989-11-12,kavya.chavan153@example.com,9606244434,Latur,2023-08-10
154,Neha,Shinde,Female,2000-06-20,neha.shinde154@example.com,9782259766,Ahmednagar,2024-03-29
155,Rahul,Jadhav,Female,1984-11-14,rahul.jadhav155@example.com,9139956218,Nanded,2023-08-27
156,Rahul,Mane,Female,1972-02-08,rahul.mane156@example.com,9587096273,Satara,2026-01-05
157,Mrunal,Sawant,Male,1999-07-19,mrunal.sawant157@example.com,9803217037,Jalgaon,2023-11-13
158,Vivaan,Joshi,Female,1996-10-14,vivaan.joshi158@example.com,9333291547,Nanded,2024-07-26
159,Ananya,Joshi,Female,1980-06-04,ananya.joshi159@example.com,9165015165,Aurangabad,2025-01-22
160,Aditya,More,Male,1977-02-28,aditya.more160@example.com,9789024924,Pune,2025-07-20
161,Kunal,Shinde,Male,1986-04-05,kunal.shinde161@example.com,9991010113,Latur,2026-03-02
162,Tanvi,Wagh,Female,1978-04-11,tanvi.wagh162@example.com,9103044648,Jalgaon,2023-10-30
163,Tanvi,Kadam,Male,1974-03-18,tanvi.kadam163@example.com,9218032515,Nashik,2024-05-28
164,Sneha,Kulkarni,Male,1965-06-26,sneha.kulkarni164@example.com,9116944811,Aurangabad,2024-05-02
165,Riya,Deshmukh,Male,1968-03-24,riya.deshmukh165@example.com,9900651998,Nanded,2025-05-12
166,Rohan,Salunkhe,Male,1993-06-17,rohan.salunkhe166@example.com,9640992677,Latur,2026-04-30
167,Saurabh,Salunkhe,Male,1967-12-26,saurabh.salunkhe167@example.com,9790781796,Pune,2025-12-03
168,Vedant,Salunkhe,Male,1995-07-14,vedant.salunkhe168@example.com,9178910051,Kolhapur,2023-08-10
169,Nikhil,Wagh,Female,2003-03-03,nikhil.wagh169@example.com,9779760958,Solapur,2023-09-16
170,Riya,Wagh,Male,2003-09-10,riya.wagh170@example.com,9561923010,Dharashiv,2025-07-18
171,Aditi,More,Female,1972-11-21,aditi.more171@example.com,9561784080,Ahmednagar,2026-02-03
172,Om,Sawant,Male,1979-07-11,om.sawant172@example.com,9883415470,Kolhapur,2025-07-17
173,Tejas,Pawar,Female,1992-06-22,tejas.pawar173@example.com,9837468465,Mumbai,2024-06-06
174,Rohan,Joshi,Male,1970-02-03,rohan.joshi174@example.com,9971630639,Amravati,2025-06-03
175,Pranav,Deshmukh,Female,1968-10-18,pranav.deshmukh175@example.com,9541102414,Jalgaon,2026-02-24
176,Pooja,Gaikwad,Male,1992-12-02,pooja.gaikwad176@example.com,9477577220,Latur,2024-08-12
177,Akshay,Deshmukh,Female,1997-04-05,akshay.deshmukh177@example.com,9475932035,Mumbai,2025-09-14
178,Priya,Dhere,Male,1982-10-08,priya.dhere178@example.com,9924024405,Latur,2025-05-28
179,Isha,Gaikwad,Female,1982-01-06,isha.gaikwad179@example.com,9464883950,Pune,2024-07-13
180,Aditya,Pawar,Male,1976-03-19,aditya.pawar180@example.com,9895609471,Mumbai,2025-03-31
181,Atharva,Kulkarni,Female,1998-04-13,atharva.kulkarni181@example.com,9269016920,Aurangabad,2025-05-09
182,Mrunal,Jadhav,Male,1985-10-20,mrunal.jadhav182@example.com,9267052653,Dharashiv,2023-06-23
183,Nikhil,Salunkhe,Female,2004-01-22,nikhil.salunkhe183@example.com,9810751262,Nanded,2023-06-17
184,Kunal,Thorat,Female,2003-08-14,kunal.thorat184@example.com,9222210617,Solapur,2024-07-13
185,Vedant,Thorat,Female,1972-05-22,vedant.thorat185@example.com,9816328133,Pune,2026-04-29
186,Aarav,More,Male,1979-07-20,aarav.more186@example.com,9423646570,Dharashiv,2023-04-23
187,Rohan,Patil,Female,1973-05-10,rohan.patil187@example.com,9634063428,Nashik,2024-11-02
188,Riya,Dhere,Female,1973-07-18,riya.dhere188@example.com,9994807263,Mumbai,2024-04-16
189,Aarav,Salunkhe,Female,1990-12-02,aarav.salunkhe189@example.com,9183604337,Latur,2025-06-12
190,Saurabh,Deshmukh,Male,1992-10-13,saurabh.deshmukh190@example.com,9534900128,Kolhapur,2025-05-05
191,Aditya,Sawant,Male,1975-10-15,aditya.sawant191@example.com,9213669678,Solapur,2025-01-11
192,Om,Gaikwad,Female,2002-07-17,om.gaikwad192@example.com,9900801837,Nagpur,2023-06-11
193,Neha,Deshmukh,Male,1986-03-03,neha.deshmukh193@example.com,9669732591,Ahmednagar,2025-11-11
194,Akshay,Deshmukh,Female,1987-06-24,akshay.deshmukh194@example.com,9257243284,Nagpur,2023-10-30
195,Siddharth,Lokhande,Female,1976-10-05,siddharth.lokhande195@example.com,9598165815,Satara,2023-06-04
196,Priya,Kulkarni,Female,2001-11-21,priya.kulkarni196@example.com,9262089272,Mumbai,2024-10-23
197,Tanvi,Bhosale,Male,1995-08-21,tanvi.bhosale197@example.com,9735032128,Kolhapur,2024-09-12
198,Atharva,Jadhav,Female,1997-02-10,atharva.jadhav198@example.com,9161085229,Jalgaon,2025-08-03
199,Pooja,Wagh,Female,1983-02-21,pooja.wagh199@example.com,9644459924,Nanded,2023-07-04
200,Atharva,Gore,Male,2002-09-26,atharva.gore200@example.com,9799905142,Kolhapur,2023-03-26
201,Vivaan,Salunkhe,Female,2003-08-17,vivaan.salunkhe201@example.com,9211134294,Sangli,2023-11-05
202,Vivaan,Chavan,Female,1970-09-21,vivaan.chavan202@example.com,9859803019,Nanded,2023-12-20
203,Tejas,Joshi,Female,1998-09-20,tejas.joshi203@example.com,9403754671,Solapur,2023-11-22
204,Tanvi,Kulkarni,Female,1986-11-20,tanvi.kulkarni204@example.com,9170772317,Mumbai,2023-04-18
205,Nikhil,Wagh,Female,2000-11-13,nikhil.wagh205@example.com,9261462131,Mumbai,2024-08-04
206,Saurabh,Mane,Male,2002-11-05,saurabh.mane206@example.com,9238460786,Aurangabad,2024-12-17
207,Sakshi,Pawar,Male,2000-07-21,sakshi.pawar207@example.com,9819532005,Satara,2024-11-03
208,Tejas,Gaikwad,Male,1992-09-12,tejas.gaikwad208@example.com,9293555835,Kolhapur,2023-02-07
209,Rahul,Shinde,Male,1996-04-08,rahul.shinde209@example.com,9417604347,Amravati,2023-10-09
210,Kavya,Kulkarni,Male,1999-12-17,kavya.kulkarni210@example.com,9922816526,Latur,2023-03-19
211,Sakshi,Wagh,Male,1989-03-06,sakshi.wagh211@example.com,9968704078,Sangli,2024-01-06
212,Kavya,Chavan,Female,1993-01-14,kavya.chavan212@example.com,9576954730,Dharashiv,2025-01-16
213,Saurabh,Lokhande,Male,1993-04-18,saurabh.lokhande213@example.com,9996696177,Kolhapur,2024-05-04
214,Meera,Mane,Female,2001-08-15,meera.mane214@example.com,9639991949,Nashik,2024-07-31
215,Vivaan,Lokhande,Male,1977-10-05,vivaan.lokhande215@example.com,9498585961,Sangli,2024-05-27
216,Meera,Kadam,Female,1998-02-10,meera.kadam216@example.com,9392907427,Ahmednagar,2023-06-21
217,Aditya,Chavan,Female,1997-03-27,aditya.chavan217@example.com,9976928440,Ahmednagar,2025-06-14
218,Om,Thorat,Male,1987-01-14,om.thorat218@example.com,9501538092,Solapur,2023-04-20
219,Pranav,Deshmukh,Female,1970-06-08,pranav.deshmukh219@example.com,9867407868,Dharashiv,2023-02-27
220,Shreya,Lokhande,Male,1974-03-02,shreya.lokhande220@example.com,9847401602,Dharashiv,2024-08-10
221,Mrunal,Shinde,Female,1995-08-20,mrunal.shinde221@example.com,9120405269,Nagpur,2023-01-11
222,Riya,Sawant,Female,1974-09-24,riya.sawant222@example.com,9219385981,Nagpur,2026-05-31
223,Yash,Wagh,Male,1984-02-02,yash.wagh223@example.com,9590822013,Mumbai,2024-05-03
224,Neha,Thorat,Male,1996-10-18,neha.thorat224@example.com,9717452511,Sangli,2023-02-03
225,Pooja,Joshi,Female,1974-05-14,pooja.joshi225@example.com,9358303887,Nashik,2023-01-04
226,Riya,Dhere,Male,1970-09-12,riya.dhere226@example.com,9644738967,Solapur,2023-05-19
227,Tejas,Bhosale,Male,1995-01-21,tejas.bhosale227@example.com,9902425085,Kolhapur,2025-03-03
228,Meera,Gore,Female,1969-06-08,meera.gore228@example.com,9889401015,Nashik,2023-08-01
229,Sakshi,Kadam,Female,1967-06-18,sakshi.kadam229@example.com,9991617660,Sangli,2024-11-24
230,Aditya,Salunkhe,Female,1995-11-06,aditya.salunkhe230@example.com,9139711044,Nagpur,2023-10-04
231,Shreya,Gaikwad,Female,1967-04-02,shreya.gaikwad231@example.com,9653388913,Jalgaon,2024-10-08
232,Meera,More,Female,1999-08-09,meera.more232@example.com,9407209235,Jalgaon,2023-03-16
233,Rohan,Joshi,Female,1968-11-11,rohan.joshi233@example.com,9569172971,Sangli,2024-07-13
234,Vedant,Lokhande,Female,1993-07-11,vedant.lokhande234@example.com,9494435754,Dharashiv,2024-01-18
235,Yash,Wagh,Male,1970-12-14,yash.wagh235@example.com,9982982227,Amravati,2023-06-11
236,Pranav,Gaikwad,Female,1983-06-04,pranav.gaikwad236@example.com,9429097422,Latur,2023-06-13
237,Tejas,Salunkhe,Female,1992-03-23,tejas.salunkhe237@example.com,9145478504,Latur,2025-06-28
238,Aditya,Mane,Male,1992-05-21,aditya.mane238@example.com,9490102359,Pune,2023-04-28
239,Vivaan,Pawar,Male,1974-10-22,vivaan.pawar239@example.com,9172191273,Dharashiv,2025-06-16
240,Vivaan,Wagh,Female,1988-06-13,vivaan.wagh240@example.com,9264752975,Kolhapur,2026-03-07
241,Sneha,Pawar,Female,1988-08-25,sneha.pawar241@example.com,9668503222,Solapur,2023-06-07
242,Rohan,Patil,Male,1985-11-09,rohan.patil242@example.com,9889924866,Nanded,2024-05-26
243,Nikhil,Bhosale,Female,1998-07-18,nikhil.bhosale243@example.com,9855954847,Nagpur,2023-08-30
244,Kunal,Deshmukh,Male,2004-05-23,kunal.deshmukh244@example.com,9245737277,Nanded,2025-10-02
245,Tanvi,Kulkarni,Female,1976-12-15,tanvi.kulkarni245@example.com,9817087513,Sangli,2023-06-29
246,Mrunal,Gaikwad,Male,1969-09-18,mrunal.gaikwad246@example.com,9269119969,Dharashiv,2024-08-17
247,Kunal,Pawar,Female,1988-09-08,kunal.pawar247@example.com,9354193540,Pune,2023-09-06
248,Atharva,Dhere,Male,1988-09-19,atharva.dhere248@example.com,9239340792,Mumbai,2025-01-25
249,Riya,Sawant,Female,1984-07-23,riya.sawant249@example.com,9925884151,Jalgaon,2025-09-07
250,Neha,Shinde,Female,2001-02-05,neha.shinde250@example.com,9583156434,Satara,2024-10-11
251,Neha,Gore,Male,1998-06-05,neha.gore251@example.com,9295381429,Solapur,2026-02-03
252,Riya,Pawar,Male,1997-01-27,riya.pawar252@example.com,9426551245,Nashik,2023-09-12
253,Riya,Gaikwad,Female,1985-12-08,riya.gaikwad253@example.com,9184675178,Nagpur,2024-12-09
254,Neha,Gaikwad,Male,2005-09-09,neha.gaikwad254@example.com,9759737342,Amravati,2023-09-14
255,Siddharth,Wagh,Female,1975-10-19,siddharth.wagh255@example.com,9873773537,Jalgaon,2023-11-12
256,Aditya,Jadhav,Female,2001-01-27,aditya.jadhav256@example.com,9788755699,Satara,2023-02-28
257,Vedant,Dhere,Female,1978-10-14,vedant.dhere257@example.com,9411032572,Nanded,2023-03-04
258,Atharva,Shinde,Male,1980-11-13,atharva.shinde258@example.com,9839393192,Nashik,2024-09-01
259,Kunal,Kulkarni,Male,1993-07-16,kunal.kulkarni259@example.com,9751396498,Kolhapur,2025-08-09
260,Om,Pawar,Female,1985-12-28,om.pawar260@example.com,9916757816,Amravati,2024-12-08
261,Atharva,Deshmukh,Female,2000-02-11,atharva.deshmukh261@example.com,9387195524,Nagpur,2024-05-10
262,Om,Wagh,Male,1974-02-02,om.wagh262@example.com,9548968760,Jalgaon,2024-08-17
263,Kunal,Kadam,Female,1975-06-19,kunal.kadam263@example.com,9635008544,Nanded,2024-10-02
264,Om,Thorat,Male,1984-08-01,om.thorat264@example.com,9590947659,Nagpur,2023-07-04
265,Saurabh,Lokhande,Female,2002-06-02,saurabh.lokhande265@example.com,9741580895,Aurangabad,2023-04-14
266,Yash,Pawar,Female,1999-01-28,yash.pawar266@example.com,9383975609,Dharashiv,2023-08-09
267,Vivaan,Gore,Male,1990-06-02,vivaan.gore267@example.com,9703246271,Kolhapur,2025-03-31
268,Riya,Salunkhe,Female,2000-05-03,riya.salunkhe268@example.com,9920772671,Jalgaon,2025-03-02
269,Rahul,Deshmukh,Female,2004-11-20,rahul.deshmukh269@example.com,9522950895,Dharashiv,2023-09-01
270,Kunal,Wagh,Female,1986-09-12,kunal.wagh270@example.com,9646666136,Amravati,2023-10-23
271,Isha,Kulkarni,Female,1967-01-02,isha.kulkarni271@example.com,9963251765,Amravati,2023-10-08
272,Rahul,Kulkarni,Female,1994-03-20,rahul.kulkarni272@example.com,9758276886,Nashik,2025-11-21
273,Sneha,Kulkarni,Female,1990-10-24,sneha.kulkarni273@example.com,9644725317,Sangli,2024-09-04
274,Tejas,Kulkarni,Male,2001-05-16,tejas.kulkarni274@example.com,9823494111,Solapur,2023-02-04
275,Pooja,Lokhande,Male,2002-05-26,pooja.lokhande275@example.com,9385111130,Sangli,2023-02-24
276,Riya,Wagh,Female,1968-10-16,riya.wagh276@example.com,9931726993,Nashik,2023-12-16
277,Kunal,Patil,Female,1980-01-19,kunal.patil277@example.com,9573561557,Solapur,2023-08-14
278,Yash,Thorat,Female,1974-07-23,yash.thorat278@example.com,9932120169,Jalgaon,2024-02-22
279,Kunal,Dhere,Female,1968-12-05,kunal.dhere279@example.com,9449019278,Amravati,2025-11-28
280,Shreya,Dhere,Female,1989-06-06,shreya.dhere280@example.com,9467570835,Satara,2025-07-30
281,Akshay,Bhosale,Female,1981-10-16,akshay.bhosale281@example.com,9699240979,Nagpur,2024-01-29
282,Isha,Lokhande,Female,1984-05-23,isha.lokhande282@example.com,9440419907,Kolhapur,2024-02-29
283,Rohan,Gore,Female,2000-12-09,rohan.gore283@example.com,9826517607,Ahmednagar,2024-08-12
284,Saurabh,Jadhav,Male,1990-06-25,saurabh.jadhav284@example.com,9408840720,Kolhapur,2023-10-27
285,Kunal,More,Female,1993-11-09,kunal.more285@example.com,9989006374,Ahmednagar,2025-09-08
286,Rohan,Wagh,Male,2000-12-09,rohan.wagh286@example.com,9895525625,Nagpur,2023-10-09
287,Neha,Chavan,Male,1968-11-17,neha.chavan287@example.com,9156361897,Solapur,2024-04-07
288,Kavya,Pawar,Male,1986-12-16,kavya.pawar288@example.com,9105563528,Solapur,2023-07-25
289,Meera,Gaikwad,Female,1995-08-21,meera.gaikwad289@example.com,9444851196,Satara,2024-02-13
290,Akshay,Dhere,Male,1968-02-21,akshay.dhere290@example.com,9893158610,Ahmednagar,2026-03-21
291,Shreya,Jadhav,Female,1976-07-27,shreya.jadhav291@example.com,9997866344,Dharashiv,2023-12-27
292,Mrunal,Jadhav,Female,1996-03-24,mrunal.jadhav292@example.com,9109950544,Latur,2024-08-15
293,Atharva,Dhere,Female,2003-02-11,atharva.dhere293@example.com,9662982736,Ahmednagar,2024-08-05
294,Kunal,Deshmukh,Male,1973-09-15,kunal.deshmukh294@example.com,9455069350,Sangli,2024-07-12
295,Aarav,Kulkarni,Female,1994-11-09,aarav.kulkarni295@example.com,9949080318,Latur,2024-01-17
296,Sakshi,Sawant,Female,1977-03-20,sakshi.sawant296@example.com,9653278397,Mumbai,2025-04-10
297,Rahul,Lokhande,Male,1990-11-04,rahul.lokhande297@example.com,9447464644,Pune,2024-01-14
298,Meera,Bhosale,Female,1981-07-08,meera.bhosale298@example.com,9453932473,Latur,2025-07-03
299,Isha,Chavan,Male,2001-01-09,isha.chavan299@example.com,9166705490,Nanded,2025-01-06
300,Shreya,Gaikwad,Male,1984-03-13,shreya.gaikwad300@example.com,9841193655,Satara,2025-10-26
301,Akshay,Pawar,Male,1983-06-20,akshay.pawar301@example.com,9613443905,Nanded,2024-03-28
302,Shreya,Lokhande,Male,2003-06-14,shreya.lokhande302@example.com,9913198930,Dharashiv,2026-01-29
303,Priya,Shinde,Female,1980-11-25,priya.shinde303@example.com,9664258474,Amravati,2026-05-05
304,Vivaan,Dhere,Male,1988-02-19,vivaan.dhere304@example.com,9642762599,Latur,2023-08-18
305,Priya,Thorat,Male,1999-03-06,priya.thorat305@example.com,9574422684,Satara,2024-11-02
306,Aditya,Thorat,Male,1978-12-19,aditya.thorat306@example.com,9578333394,Nanded,2025-09-28
307,Sneha,Jadhav,Female,1973-09-14,sneha.jadhav307@example.com,9700003920,Satara,2025-07-24
308,Nikhil,Patil,Male,1984-12-01,nikhil.patil308@example.com,9900801470,Latur,2025-03-21
309,Isha,Shinde,Male,1969-01-14,isha.shinde309@example.com,9681069884,Ahmednagar,2024-12-06
310,Yash,Kadam,Male,1969-08-02,yash.kadam310@example.com,9925677464,Dharashiv,2024-08-10
311,Priya,Mane,Male,1991-06-13,priya.mane311@example.com,9503346325,Satara,2025-07-07
312,Rohan,Kadam,Female,1999-03-21,rohan.kadam312@example.com,9676876906,Amravati,2024-12-13
313,Meera,Patil,Female,1973-12-08,meera.patil313@example.com,9420364823,Satara,2023-01-08
314,Sakshi,Chavan,Female,1999-07-18,sakshi.chavan314@example.com,9365764028,Kolhapur,2025-02-15
315,Vivaan,Sawant,Male,1974-05-07,vivaan.sawant315@example.com,9760268760,Nagpur,2023-08-20
316,Vivaan,Salunkhe,Male,1978-02-04,vivaan.salunkhe316@example.com,9741866641,Nagpur,2026-05-01
317,Ananya,More,Male,1967-07-15,ananya.more317@example.com,9910015485,Nashik,2024-04-24
318,Pranav,Gore,Female,1997-05-08,pranav.gore318@example.com,9742009209,Nagpur,2026-03-25
319,Akshay,Sawant,Female,1984-03-22,akshay.sawant319@example.com,9422660441,Pune,2025-12-03
320,Neha,Sawant,Female,2000-10-24,neha.sawant320@example.com,9696840109,Pune,2023-12-25
321,Tanvi,Thorat,Female,1987-11-22,tanvi.thorat321@example.com,9442238518,Solapur,2025-02-19
322,Meera,Dhere,Male,1974-05-13,meera.dhere322@example.com,9608436962,Jalgaon,2024-01-12
323,Tanvi,Salunkhe,Female,1979-05-28,tanvi.salunkhe323@example.com,9161873231,Solapur,2023-10-23
324,Akshay,Bhosale,Female,2000-09-05,akshay.bhosale324@example.com,9318331154,Satara,2025-03-06
325,Aditya,Dhere,Male,1970-08-28,aditya.dhere325@example.com,9878016905,Pune,2025-01-29
326,Pooja,Jadhav,Male,1982-07-22,pooja.jadhav326@example.com,9178151583,Dharashiv,2026-05-23
327,Kunal,Lokhande,Female,2002-12-22,kunal.lokhande327@example.com,9324292944,Aurangabad,2026-02-18
328,Aditi,Lokhande,Male,1965-04-07,aditi.lokhande328@example.com,9360482447,Solapur,2023-08-29
329,Om,Salunkhe,Female,1980-09-11,om.salunkhe329@example.com,9673002461,Aurangabad,2024-08-02
330,Atharva,Deshmukh,Female,1981-06-17,atharva.deshmukh330@example.com,9962017778,Dharashiv,2025-10-15
331,Yash,Jadhav,Male,1985-04-12,yash.jadhav331@example.com,9704006325,Sangli,2024-10-02
332,Shreya,Gore,Female,1974-01-09,shreya.gore332@example.com,9721849977,Aurangabad,2026-02-07
333,Om,Gore,Male,1974-04-11,om.gore333@example.com,9994816400,Nanded,2024-04-16
334,Nikhil,Lokhande,Female,2000-11-22,nikhil.lokhande334@example.com,9876914430,Nanded,2024-11-22
335,Siddharth,Pawar,Female,1975-12-26,siddharth.pawar335@example.com,9873430762,Nashik,2024-12-22
336,Vivaan,Shinde,Male,1999-11-02,vivaan.shinde336@example.com,9978316418,Dharashiv,2025-12-09
337,Aditya,Pawar,Male,1965-07-05,aditya.pawar337@example.com,9109815572,Amravati,2024-04-18
338,Kavya,Lokhande,Male,1994-06-02,kavya.lokhande338@example.com,9116891857,Amravati,2025-09-16
339,Riya,Bhosale,Female,2000-07-01,riya.bhosale339@example.com,9675244407,Pune,2023-02-04
340,Tanvi,Kadam,Male,1997-12-22,tanvi.kadam340@example.com,9214908010,Amravati,2025-05-31
341,Nikhil,Joshi,Female,1974-04-07,nikhil.joshi341@example.com,9387037751,Mumbai,2025-12-14
342,Akshay,Chavan,Male,1988-07-15,akshay.chavan342@example.com,9422095317,Satara,2026-03-03
343,Om,Dhere,Male,1967-02-13,om.dhere343@example.com,9611106584,Satara,2025-02-15
344,Vedant,Sawant,Female,1965-12-06,vedant.sawant344@example.com,9792463878,Latur,2023-06-19
345,Kunal,Gore,Female,1971-09-02,kunal.gore345@example.com,9610564546,Pune,2024-04-15
346,Sneha,Jadhav,Female,1969-11-09,sneha.jadhav346@example.com,9292580427,Pune,2026-01-17
347,Shreya,Shinde,Male,1978-10-05,shreya.shinde347@example.com,9421346113,Latur,2025-03-26
348,Kavya,Dhere,Female,1980-10-27,kavya.dhere348@example.com,9456192204,Dharashiv,2025-03-07
349,Riya,Joshi,Male,1973-12-24,riya.joshi349@example.com,9157656107,Solapur,2023-06-10
350,Meera,Wagh,Female,1979-02-11,meera.wagh350@example.com,9739529933,Dharashiv,2026-05-24
351,Tanvi,Salunkhe,Male,1985-01-21,tanvi.salunkhe351@example.com,9626781451,Kolhapur,2024-07-13
352,Kavya,Gore,Female,2000-07-14,kavya.gore352@example.com,9809391059,Mumbai,2024-01-16
353,Isha,Shinde,Female,2004-05-26,isha.shinde353@example.com,9188087644,Nashik,2024-05-19
354,Aditi,Mane,Female,1989-12-26,aditi.mane354@example.com,9440030663,Mumbai,2023-11-12
355,Tejas,Bhosale,Male,1970-01-10,tejas.bhosale355@example.com,9209770151,Mumbai,2025-06-29
356,Ananya,Thorat,Male,1976-07-15,ananya.thorat356@example.com,9538134097,Pune,2026-02-14
357,Pooja,Wagh,Female,1970-06-18,pooja.wagh357@example.com,9942284665,Jalgaon,2023-07-10
358,Om,Shinde,Male,1989-01-10,om.shinde358@example.com,9878295151,Latur,2025-04-27
359,Siddharth,Pawar,Female,1998-03-22,siddharth.pawar359@example.com,9388749542,Aurangabad,2025-02-18
360,Yash,Bhosale,Female,1996-03-03,yash.bhosale360@example.com,9552155193,Nanded,2023-12-09
361,Aditi,Lokhande,Male,1969-06-09,aditi.lokhande361@example.com,9737594763,Nanded,2024-05-20
362,Om,Kulkarni,Female,1971-03-10,om.kulkarni362@example.com,9765926290,Dharashiv,2023-01-14
363,Sakshi,Wagh,Female,1986-08-11,sakshi.wagh363@example.com,9246162540,Kolhapur,2025-05-31
364,Pranav,Kadam,Female,2003-12-07,pranav.kadam364@example.com,9527606494,Aurangabad,2025-09-08
365,Pranav,Mane,Female,2005-08-19,pranav.mane365@example.com,9400969989,Kolhapur,2024-05-11
366,Ananya,Kadam,Male,1972-10-07,ananya.kadam366@example.com,9831983367,Sangli,2026-04-27
367,Tanvi,Gaikwad,Male,1994-12-07,tanvi.gaikwad367@example.com,9992582047,Jalgaon,2025-06-16
368,Neha,Gaikwad,Female,1991-11-16,neha.gaikwad368@example.com,9359868249,Satara,2023-10-13
369,Aditya,Salunkhe,Female,1974-12-14,aditya.salunkhe369@example.com,9742026586,Latur,2025-02-11
370,Ananya,Jadhav,Female,1990-09-17,ananya.jadhav370@example.com,9949030118,Sangli,2025-05-06
371,Rohan,Chavan,Female,1999-10-21,rohan.chavan371@example.com,9806094391,Nashik,2023-06-24
372,Meera,Kulkarni,Female,2004-01-19,meera.kulkarni372@example.com,9954946593,Mumbai,2025-03-29
373,Riya,Thorat,Male,1965-02-09,riya.thorat373@example.com,9699140867,Nanded,2024-03-30
374,Isha,Thorat,Female,1988-07-15,isha.thorat374@example.com,9261861139,Pune,2026-04-20
375,Shreya,Shinde,Male,1995-02-10,shreya.shinde375@example.com,9224628497,Kolhapur,2025-05-01
376,Riya,Lokhande,Female,1984-06-15,riya.lokhande376@example.com,9473984594,Mumbai,2024-02-28
377,Pranav,Shinde,Male,1993-12-23,pranav.shinde377@example.com,9422406106,Dharashiv,2025-07-15
378,Neha,Deshmukh,Male,1972-01-28,neha.deshmukh378@example.com,9827072823,Ahmednagar,2024-12-03
379,Siddharth,Kulkarni,Female,1980-09-06,siddharth.kulkarni379@example.com,9701133236,Nanded,2026-02-04
380,Siddharth,Sawant,Male,1979-07-21,siddharth.sawant380@example.com,9524753348,Sangli,2024-01-13
381,Yash,Mane,Male,2004-04-15,yash.mane381@example.com,9104778194,Nagpur,2026-04-27
382,Sneha,Deshmukh,Male,1982-12-26,sneha.deshmukh382@example.com,9958459117,Kolhapur,2023-05-09
383,Nikhil,Lokhande,Female,1985-04-15,nikhil.lokhande383@example.com,9666629680,Latur,2023-08-22
384,Rohan,Joshi,Female,1989-10-13,rohan.joshi384@example.com,9477940931,Latur,2026-04-17
385,Shreya,Wagh,Male,1976-11-23,shreya.wagh385@example.com,9733688460,Satara,2024-09-01
386,Saurabh,Deshmukh,Female,1973-06-04,saurabh.deshmukh386@example.com,9296542559,Sangli,2024-05-03
387,Pooja,Pawar,Female,1974-09-13,pooja.pawar387@example.com,9717193289,Solapur,2025-05-06
388,Isha,Kadam,Male,1976-08-21,isha.kadam388@example.com,9695832844,Nanded,2026-01-05
389,Sakshi,Salunkhe,Male,1983-03-06,sakshi.salunkhe389@example.com,9765086407,Jalgaon,2024-10-06
390,Kunal,Mane,Female,1987-01-16,kunal.mane390@example.com,9702994164,Solapur,2023-10-07
391,Vedant,Kadam,Male,1996-07-23,vedant.kadam391@example.com,9188766909,Dharashiv,2025-06-28
392,Akshay,Dhere,Male,1979-05-02,akshay.dhere392@example.com,9409957384,Dharashiv,2024-07-16
393,Ananya,Thorat,Male,1994-10-24,ananya.thorat393@example.com,9221559383,Aurangabad,2025-10-11
394,Meera,Salunkhe,Male,1999-06-18,meera.salunkhe394@example.com,9686642360,Solapur,2023-03-27
395,Saurabh,Jadhav,Female,1971-12-27,saurabh.jadhav395@example.com,9582896428,Kolhapur,2024-05-21
396,Meera,Chavan,Female,1970-08-28,meera.chavan396@example.com,9325354965,Jalgaon,2023-08-29
397,Pooja,Pawar,Male,2004-11-14,pooja.pawar397@example.com,9942725534,Jalgaon,2023-12-06
398,Ananya,Bhosale,Male,1978-01-19,ananya.bhosale398@example.com,9740871060,Kolhapur,2024-12-19
399,Priya,Thorat,Male,1983-05-19,priya.thorat399@example.com,9829392084,Nashik,2024-07-01
400,Isha,Pawar,Male,1991-01-09,isha.pawar400@example.com,9368088898,Sangli,2023-09-17
401,Vedant,Pawar,Female,1985-04-25,vedant.pawar401@example.com,9720005941,Satara,2025-03-15
402,Neha,Shinde,Female,1991-07-15,neha.shinde402@example.com,9532557724,Sangli,2023-06-04
403,Sneha,Patil,Male,1988-08-16,sneha.patil403@example.com,9931221434,Sangli,2024-11-01
404,Priya,Shinde,Female,1994-11-22,priya.shinde404@example.com,9954352670,Nagpur,2025-01-03
405,Pranav,Gaikwad,Male,1992-04-16,pranav.gaikwad405@example.com,9462661837,Latur,2024-07-03
406,Vivaan,Deshmukh,Female,1996-06-22,vivaan.deshmukh406@example.com,9772355141,Pune,2023-04-10
407,Aarav,Sawant,Male,1972-03-15,aarav.sawant407@example.com,9317237515,Ahmednagar,2025-07-23
408,Aditya,Joshi,Male,1984-03-28,aditya.joshi408@example.com,9368853440,Kolhapur,2024-07-15
409,Aditi,Chavan,Male,1975-01-13,aditi.chavan409@example.com,9560883210,Sangli,2024-09-17
410,Aditya,Pawar,Male,1971-01-07,aditya.pawar410@example.com,9737458510,Amravati,2025-09-03
411,Sakshi,Deshmukh,Male,1993-01-01,sakshi.deshmukh411@example.com,9553456129,Nanded,2024-12-04
412,Aditi,Deshmukh,Female,1969-04-13,aditi.deshmukh412@example.com,9210811807,Kolhapur,2023-07-02
413,Neha,Pawar,Male,1984-03-13,neha.pawar413@example.com,9173456403,Latur,2023-09-30
414,Neha,Pawar,Female,1975-08-12,neha.pawar414@example.com,9542070132,Jalgaon,2024-03-12
415,Meera,Deshmukh,Female,1978-02-04,meera.deshmukh415@example.com,9733050169,Kolhapur,2023-10-14
416,Akshay,Bhosale,Male,1992-06-26,akshay.bhosale416@example.com,9792156071,Nagpur,2023-10-14
417,Saurabh,Patil,Female,2000-10-20,saurabh.patil417@example.com,9806957378,Nagpur,2026-05-29
418,Aditi,Mane,Male,1998-10-17,aditi.mane418@example.com,9417335858,Dharashiv,2024-01-22
419,Akshay,Lokhande,Male,1980-08-13,akshay.lokhande419@example.com,9785135687,Amravati,2023-08-19
420,Om,Gore,Female,1965-06-11,om.gore420@example.com,9551898779,Amravati,2023-09-28
421,Aarav,Gore,Male,1976-08-25,aarav.gore421@example.com,9172512549,Aurangabad,2023-05-30
422,Riya,Gaikwad,Female,1978-01-02,riya.gaikwad422@example.com,9774922644,Solapur,2025-03-26
423,Ananya,Wagh,Female,1990-02-21,ananya.wagh423@example.com,9263939376,Mumbai,2026-01-03
424,Tanvi,Pawar,Female,1984-02-17,tanvi.pawar424@example.com,9675944565,Solapur,2024-02-21
425,Saurabh,Sawant,Male,2002-11-25,saurabh.sawant425@example.com,9883786839,Pune,2023-05-16
426,Atharva,Wagh,Male,1980-02-14,atharva.wagh426@example.com,9753728820,Aurangabad,2023-08-26
427,Isha,Patil,Female,1976-02-01,isha.patil427@example.com,9275913951,Kolhapur,2023-10-09
428,Siddharth,Joshi,Female,1998-09-26,siddharth.joshi428@example.com,9236290703,Sangli,2024-06-14
429,Nikhil,Thorat,Female,1972-01-11,nikhil.thorat429@example.com,9168582026,Sangli,2025-05-29
430,Atharva,Thorat,Male,2001-11-03,atharva.thorat430@example.com,9486680089,Nanded,2025-10-13
431,Nikhil,Deshmukh,Male,2001-03-12,nikhil.deshmukh431@example.com,9716233644,Nagpur,2023-11-19
432,Akshay,Jadhav,Female,1997-01-02,akshay.jadhav432@example.com,9606553372,Solapur,2023-01-26
433,Ananya,Sawant,Female,1974-03-28,ananya.sawant433@example.com,9341071485,Nagpur,2023-03-14
434,Sakshi,Shinde,Female,1991-12-11,sakshi.shinde434@example.com,9713682070,Mumbai,2024-07-09
435,Akshay,Thorat,Female,1997-11-02,akshay.thorat435@example.com,9149315449,Mumbai,2024-01-03
436,Pranav,Shinde,Female,1994-05-25,pranav.shinde436@example.com,9693877361,Pune,2024-09-28
437,Tanvi,Gaikwad,Male,1988-04-10,tanvi.gaikwad437@example.com,9894113665,Nanded,2026-02-28
438,Aditi,Dhere,Male,1988-10-16,aditi.dhere438@example.com,9916561565,Nashik,2024-02-05
439,Ananya,Joshi,Male,1965-07-01,ananya.joshi439@example.com,9782837348,Kolhapur,2024-04-22
440,Rohan,More,Male,1965-11-13,rohan.more440@example.com,9668883968,Solapur,2024-09-21
441,Aditya,Jadhav,Female,1996-01-05,aditya.jadhav441@example.com,9348541776,Sangli,2024-07-27
442,Sneha,Deshmukh,Male,1988-08-24,sneha.deshmukh442@example.com,9642698931,Satara,2023-06-23
443,Vivaan,Sawant,Male,1990-02-19,vivaan.sawant443@example.com,9811293744,Nagpur,2026-03-08
444,Shreya,Mane,Female,1983-05-28,shreya.mane444@example.com,9852398388,Kolhapur,2024-10-07
445,Kunal,Pawar,Male,1993-05-08,kunal.pawar445@example.com,9937450959,Nashik,2023-06-02
446,Pranav,Sawant,Female,1971-03-15,pranav.sawant446@example.com,9229640083,Dharashiv,2025-08-12
447,Nikhil,Deshmukh,Male,1978-08-10,nikhil.deshmukh447@example.com,9197088689,Dharashiv,2025-08-06
448,Vivaan,More,Female,1984-12-23,vivaan.more448@example.com,9997567367,Nashik,2026-05-20
449,Om,Thorat,Female,1970-12-08,om.thorat449@example.com,9152560325,Aurangabad,2024-12-29
450,Ananya,Dhere,Male,1976-01-13,ananya.dhere450@example.com,9368277223,Nanded,2025-07-15
451,Vivaan,Chavan,Male,1971-03-04,vivaan.chavan451@example.com,9240354421,Jalgaon,2023-01-25
452,Sneha,Gore,Male,1990-06-22,sneha.gore452@example.com,9377906552,Pune,2023-06-22
453,Tanvi,Pawar,Female,1969-04-21,tanvi.pawar453@example.com,9198761306,Mumbai,2025-06-27
454,Shreya,Gore,Female,1967-08-02,shreya.gore454@example.com,9565098113,Nanded,2023-12-11
455,Siddharth,Joshi,Male,1966-07-22,siddharth.joshi455@example.com,9330549659,Aurangabad,2025-05-23
456,Pooja,Wagh,Male,1982-08-05,pooja.wagh456@example.com,9762474187,Satara,2023-03-12
457,Vedant,Jadhav,Female,1983-08-14,vedant.jadhav457@example.com,9194190297,Solapur,2026-02-01
458,Akshay,Dhere,Male,1973-07-07,akshay.dhere458@example.com,9953459662,Solapur,2025-12-12
459,Tejas,Gore,Female,1987-08-18,tejas.gore459@example.com,9639440654,Solapur,2025-09-19
460,Pooja,Chavan,Female,1982-03-01,pooja.chavan460@example.com,9131464348,Pune,2024-10-15
461,Akshay,Kadam,Male,1995-09-12,akshay.kadam461@example.com,9207518427,Satara,2026-04-11
462,Meera,Chavan,Female,1980-05-18,meera.chavan462@example.com,9718144695,Kolhapur,2023-04-25
463,Pranav,Joshi,Male,1976-03-08,pranav.joshi463@example.com,9735185398,Sangli,2026-04-28
464,Sneha,More,Female,1987-10-19,sneha.more464@example.com,9998396384,Amravati,2023-10-19
465,Aditya,Jadhav,Male,1984-03-16,aditya.jadhav465@example.com,9349777425,Pune,2023-03-19
466,Shreya,Wagh,Male,1998-08-01,shreya.wagh466@example.com,9316320731,Kolhapur,2024-11-10
467,Rahul,Gore,Male,1976-06-02,rahul.gore467@example.com,9856661933,Dharashiv,2023-02-14
468,Aditya,Joshi,Female,1972-09-28,aditya.joshi468@example.com,9856491925,Latur,2025-01-17
469,Rahul,Kadam,Female,1971-06-10,rahul.kadam469@example.com,9886356993,Dharashiv,2024-10-22
470,Siddharth,Dhere,Female,2005-08-21,siddharth.dhere470@example.com,9844704803,Nagpur,2024-10-11
471,Aditi,Gaikwad,Male,2002-03-13,aditi.gaikwad471@example.com,9236739271,Sangli,2024-09-20
472,Priya,Gore,Male,1965-12-19,priya.gore472@example.com,9134770706,Latur,2025-03-12
473,Rohan,Lokhande,Female,1985-10-08,rohan.lokhande473@example.com,9251014666,Sangli,2026-03-04
474,Siddharth,Shinde,Female,1969-04-12,siddharth.shinde474@example.com,9982252644,Nanded,2024-10-16
475,Isha,Shinde,Female,1965-05-07,isha.shinde475@example.com,9476326283,Dharashiv,2024-05-26
476,Om,Salunkhe,Female,1971-12-01,om.salunkhe476@example.com,9886606608,Nashik,2023-04-09
477,Ananya,Mane,Female,1991-08-13,ananya.mane477@example.com,9208908082,Dharashiv,2024-12-20
478,Siddharth,Salunkhe,Male,2001-11-25,siddharth.salunkhe478@example.com,9179144854,Aurangabad,2024-04-06
479,Aditya,Kulkarni,Female,1966-06-09,aditya.kulkarni479@example.com,9282649071,Nashik,2023-08-03
480,Pooja,Wagh,Male,1969-09-03,pooja.wagh480@example.com,9618334675,Solapur,2024-11-23
481,Vivaan,Deshmukh,Male,1975-10-14,vivaan.deshmukh481@example.com,9455510103,Nagpur,2023-11-18
482,Nikhil,Gaikwad,Male,1991-12-18,nikhil.gaikwad482@example.com,9419331516,Mumbai,2026-01-11
483,Sakshi,Lokhande,Male,1968-07-19,sakshi.lokhande483@example.com,9264915937,Kolhapur,2026-01-30
484,Sakshi,Wagh,Male,1965-07-03,sakshi.wagh484@example.com,9615748688,Mumbai,2024-08-26
485,Aditya,Lokhande,Female,1966-04-06,aditya.lokhande485@example.com,9224026766,Dharashiv,2024-08-20
486,Aditya,Dhere,Male,1990-08-16,aditya.dhere486@example.com,9516104074,Kolhapur,2024-06-26
487,Vivaan,Bhosale,Female,1989-06-06,vivaan.bhosale487@example.com,9572167680,Aurangabad,2025-07-01
488,Rahul,Deshmukh,Female,1979-05-19,rahul.deshmukh488@example.com,9192027526,Dharashiv,2023-05-07
489,Akshay,Dhere,Female,1999-07-25,akshay.dhere489@example.com,9165480798,Jalgaon,2026-04-22
490,Sneha,Chavan,Female,1998-07-18,sneha.chavan490@example.com,9611382735,Mumbai,2025-08-30
491,Sneha,Thorat,Male,1990-12-02,sneha.thorat491@example.com,9959477004,Mumbai,2025-10-25
492,Tanvi,More,Male,1993-03-06,tanvi.more492@example.com,9235491190,Solapur,2024-03-09
493,Sakshi,Pawar,Female,1970-11-14,sakshi.pawar493@example.com,9995616775,Kolhapur,2024-02-18
494,Om,Dhere,Female,1969-02-13,om.dhere494@example.com,9450175988,Amravati,2026-02-13
495,Riya,Sawant,Female,1994-01-26,riya.sawant495@example.com,9220816186,Nashik,2026-04-18
496,Meera,Deshmukh,Male,1974-10-19,meera.deshmukh496@example.com,9213424523,Dharashiv,2026-04-08
497,Nikhil,Mane,Female,1983-09-12,nikhil.mane497@example.com,9803072911,Latur,2025-04-21
498,Nikhil,Mane,Female,2003-08-02,nikhil.mane498@example.com,9254460628,Pune,2023-12-19
499,Vivaan,Lokhande,Female,1990-06-23,vivaan.lokhande499@example.com,9388390253,Pune,2024-05-01
500,Sakshi,Lokhande,Male,1986-05-10,sakshi.lokhande500@example.com,9847520637,Jalgaon,2024-07-28
