transaction_id,account_id,transaction_date,transaction_type,amount,description
1,65,2024-05-17,Credit,5845.08,Salary
2,74,2026-01-08,Debit,49515.54,Online Payment
3,44,2024-05-20,Debit,64581.38,Transfer
4,320,2024-07-03,Debit,38451.41,Transfer
5,197,2024-12-29,Credit,14341.43,Salary
6,296,2025-05-25,Credit,53553.68,Transfer
7,211,2026-08-06,Debit,2992.91,ATM Withdrawal
8,291,2025-05-09,Debit,8930.75,Transfer
9,493,2025-12-08,Credit,11085.52,Transfer
10,239,2025-06-13,Credit,39490.08,Salary
11,126,2025-04-28,Credit,51463.51,Transfer
12,314,2024-02-24,Debit,40359.98,ATM Withdrawal
13,241,2025-04-09,Debit,43260.41,Bill Payment
14,216,2024-12-27,Debit,22046.03,ATM Withdrawal
15,356,2026-08-03,Debit,54659.39,Bill Payment
16,32,2025-10-06,Debit,43571.51,ATM Withdrawal
17,337,2024-10-25,Credit,21867.77,Salary
18,65,2025-06-01,Credit,63932.67,Transfer
19,130,2024-05-15,Debit,21003.68,Bill Payment
20,8,2026-01-29,Credit,45484.7,Deposit
21,338,2025-04-02,Debit,60684.13,Bill Payment
22,401,2025-12-18,Credit,36626.43,Salary
23,176,2024-03-27,Credit,44868.03,Deposit
24,429,2025-05-22,Debit,57892.4,Online Payment
25,339,2025-03-26,Credit,16208.83,Transfer
26,28,2025-10-19,Debit,56783.55,ATM Withdrawal
27,27,2024-06-20,Debit,30206.49,Bill Payment
28,244,2026-02-03,Credit,28795.16,Cash Deposit
29,243,2024-09-25,Credit,40017.94,Cash Deposit
30,7,2024-10-22,Debit,28959.31,Bill Payment
31,493,2025-06-26,Credit,7753.64,Transfer
32,490,2026-05-14,Debit,45981.17,Bill Payment
33,172,2024-10-03,Debit,60272.57,Bill Payment
34,336,2025-08-21,Debit,34852.59,Online Payment
35,376,2025-11-19,Credit,39236.45,Deposit
36,161,2025-07-14,Credit,50623.74,Salary
37,7,2025-02-25,Credit,39632.19,Cash Deposit
38,180,2024-08-12,Debit,19266.26,ATM Withdrawal
39,13,2025-09-26,Credit,4737.7,Deposit
40,487,2025-09-05,Credit,53251.6,Salary
41,45,2026-05-26,Credit,28508.9,Deposit
42,459,2024-04-23,Credit,19373.51,Cash Deposit
43,339,2026-08-16,Credit,48089.15,Transfer
44,394,2025-03-13,Debit,19671.58,ATM Withdrawal
45,142,2026-03-06,Credit,29018.53,Transfer
46,31,2024-09-21,Debit,13755.75,ATM Withdrawal
47,252,2026-08-08,Credit,45967.49,Deposit
48,331,2025-05-18,Credit,11218.51,Cash Deposit
49,112,2025-09-20,Credit,68489.39,Transfer
50,53,2024-02-05,Credit,5745.72,Transfer
51,398,2025-04-01,Credit,67290.17,Deposit
52,335,2025-10-17,Credit,70000.58,Cash Deposit
53,137,2024-06-04,Debit,67894.01,ATM Withdrawal
54,264,2025-12-25,Debit,36121.39,Transfer
55,433,2026-01-15,Credit,40739.59,Salary
56,197,2026-09-04,Debit,9529.67,Bill Payment
57,171,2025-11-29,Debit,30345.8,ATM Withdrawal
58,188,2025-07-01,Debit,6494.03,Transfer
59,390,2026-02-23,Debit,48760.55,Online Payment
60,284,2024-02-10,Debit,49724.69,Bill Payment
61,357,2025-02-03,Credit,47480.97,Transfer
62,250,2024-03-27,Debit,55281.65,Online Payment
63,19,2024-07-16,Credit,54120.56,Deposit
64,251,2025-02-02,Credit,59559.07,Transfer
65,256,2025-06-30,Debit,72509.77,ATM Withdrawal
66,19,2024-12-13,Credit,25660.04,Salary
67,208,2024-05-01,Credit,60629.23,Cash Deposit
68,482,2025-11-25,Credit,55708.34,Deposit
69,474,2024-03-14,Credit,55291.75,Cash Deposit
70,335,2024-01-20,Debit,68084.83,ATM Withdrawal
71,125,2025-12-19,Credit,1570.21,Salary
72,464,2024-11-10,Credit,34485.75,Deposit
73,428,2025-08-28,Credit,61426.11,Salary
74,59,2025-05-24,Credit,5201.7,Deposit
75,219,2024-12-11,Debit,24655.5,Online Payment
76,165,2026-05-06,Credit,57434.98,Deposit
77,172,2024-03-05,Credit,20905.06,Cash Deposit
78,87,2025-12-14,Debit,41728.88,Transfer
79,125,2026-08-05,Credit,10436.13,Cash Deposit
80,399,2024-06-10,Credit,66032.21,Salary
81,4,2024-01-08,Credit,69497.2,Transfer
82,214,2025-12-11,Debit,52080.7,Online Payment
83,74,2025-10-17,Debit,39469.97,Transfer
84,123,2026-08-18,Credit,45985.08,Salary
85,306,2024-07-03,Debit,46097.71,ATM Withdrawal
86,322,2026-04-26,Debit,26415.09,ATM Withdrawal
87,286,2024-08-29,Credit,9254.33,Salary
88,317,2025-01-05,Credit,35084.09,Deposit
89,142,2024-02-24,Credit,8894.59,Deposit
90,351,2026-05-14,Debit,37564.86,Online Payment
91,344,2026-08-02,Credit,4525.06,Transfer
92,146,2024-08-02,Debit,19227.94,Transfer
93,23,2024-04-16,Credit,69402.17,Deposit
94,81,2026-03-15,Credit,36637.07,Salary
95,37,2026-07-05,Credit,54244.53,Transfer
96,215,2024-07-22,Debit,17639.71,ATM Withdrawal
97,167,2024-08-21,Credit,18165.32,Cash Deposit
98,446,2024-07-23,Debit,66906.7,ATM Withdrawal
99,242,2025-08-22,Debit,4548.28,Transfer
100,75,2024-08-09,Debit,13765.53,Bill Payment
101,70,2025-04-13,Credit,47585.57,Transfer
102,104,2024-12-09,Credit,2891.05,Salary
103,144,2024-05-19,Credit,63948.03,Cash Deposit
104,215,2024-06-24,Debit,16879.09,Bill Payment
105,310,2024-06-09,Credit,43570.05,Deposit
106,45,2025-02-25,Debit,64733.83,Online Payment
107,303,2025-04-29,Debit,21298.23,Transfer
108,377,2026-06-12,Credit,18963.44,Cash Deposit
109,297,2024-08-15,Credit,68574.73,Salary
110,214,2024-02-15,Credit,74349.88,Salary
111,218,2025-06-27,Debit,36205.57,ATM Withdrawal
112,232,2025-05-22,Credit,6690.32,Salary
113,355,2026-01-19,Debit,71270.08,Online Payment
114,184,2024-10-29,Credit,48749.19,Salary
115,9,2025-05-06,Debit,12554.31,Transfer
116,440,2025-08-07,Credit,73243.35,Cash Deposit
117,396,2024-05-21,Debit,14278.46,Bill Payment
118,321,2025-04-20,Credit,64598.51,Salary
119,198,2026-07-03,Debit,40053.56,Bill Payment
120,219,2026-02-09,Debit,52505.1,Online Payment
121,404,2025-12-02,Credit,46723.91,Transfer
122,377,2026-08-12,Credit,38847.87,Transfer
123,455,2024-02-22,Credit,29030.15,Cash Deposit
124,317,2024-02-11,Debit,27799.26,ATM Withdrawal
125,288,2025-12-27,Credit,10811.23,Transfer
126,123,2025-07-06,Credit,48853.36,Deposit
127,386,2026-02-01,Credit,24374.55,Transfer
128,258,2025-11-27,Debit,21147.33,ATM Withdrawal
129,191,2024-12-19,Debit,36723.9,ATM Withdrawal
130,241,2025-12-27,Debit,34172.39,Bill Payment
131,410,2025-11-20,Credit,14532.34,Cash Deposit
132,45,2024-03-23,Debit,67396.97,Bill Payment
133,491,2026-09-06,Credit,8647.69,Transfer
134,58,2025-12-14,Credit,37476.49,Deposit
135,267,2026-09-01,Credit,22341.12,Deposit
136,243,2024-12-21,Debit,33567.57,ATM Withdrawal
137,150,2024-07-12,Credit,2141.73,Deposit
138,428,2026-08-28,Debit,31171.03,Bill Payment
139,336,2025-10-23,Debit,36718.06,Transfer
140,235,2024-11-07,Credit,67422.0,Transfer
141,88,2026-03-19,Debit,17395.25,Bill Payment
142,498,2024-10-22,Credit,11551.21,Transfer
143,234,2026-09-06,Credit,46587.95,Deposit
144,365,2025-07-02,Debit,14079.9,Online Payment
145,430,2025-12-26,Credit,12513.48,Salary
146,22,2024-11-20,Credit,33346.2,Transfer
147,95,2024-07-29,Credit,50083.72,Transfer
148,76,2025-01-16,Debit,40720.06,Online Payment
149,274,2024-11-04,Credit,69072.33,Cash Deposit
150,477,2025-05-26,Credit,71110.28,Transfer
151,80,2024-01-05,Debit,48719.67,Bill Payment
152,243,2026-07-06,Debit,72735.61,Online Payment
153,410,2025-08-01,Debit,25731.99,ATM Withdrawal
154,375,2025-05-05,Credit,10887.04,Salary
155,158,2024-01-26,Debit,46505.39,Online Payment
156,229,2024-12-31,Credit,24814.3,Deposit
157,299,2025-06-23,Credit,58705.61,Transfer
158,101,2024-01-24,Credit,40611.72,Cash Deposit
159,347,2025-11-18,Credit,73200.04,Cash Deposit
160,100,2025-05-17,Debit,45436.3,ATM Withdrawal
161,466,2025-11-13,Debit,30118.07,Transfer
162,190,2025-01-30,Debit,1408.21,Bill Payment
163,180,2024-11-11,Debit,65635.48,ATM Withdrawal
164,111,2026-01-15,Debit,55743.81,Transfer
165,412,2025-03-29,Debit,12702.38,Transfer
166,374,2026-07-06,Debit,10897.79,ATM Withdrawal
167,74,2024-07-31,Debit,35858.68,Bill Payment
168,34,2026-08-13,Debit,7089.4,Transfer
169,328,2026-07-25,Debit,31381.29,Transfer
170,364,2025-08-04,Credit,15344.69,Cash Deposit
171,149,2025-07-21,Debit,3646.35,Bill Payment
172,428,2025-08-22,Debit,37310.49,Transfer
173,115,2024-01-28,Credit,11974.79,Transfer
174,490,2025-10-17,Debit,9751.18,Bill Payment
175,214,2024-07-02,Debit,68056.09,Online Payment
176,15,2024-05-02,Debit,37232.24,ATM Withdrawal
177,307,2026-02-02,Debit,43789.4,Transfer
178,445,2024-09-21,Debit,73082.28,ATM Withdrawal
179,192,2025-06-08,Credit,63473.37,Deposit
180,298,2024-02-29,Credit,24316.24,Deposit
181,183,2024-06-16,Credit,20813.94,Cash Deposit
182,326,2026-07-22,Debit,4129.26,Bill Payment
183,272,2025-10-16,Credit,38783.05,Deposit
184,392,2024-04-06,Credit,41006.57,Transfer
185,424,2026-05-15,Debit,20723.69,Bill Payment
186,50,2025-07-01,Debit,61836.95,ATM Withdrawal
187,71,2025-06-14,Debit,28289.56,Transfer
188,211,2024-12-14,Credit,8130.13,Deposit
189,258,2024-08-14,Credit,59735.45,Salary
190,214,2025-04-16,Credit,9184.14,Deposit
191,473,2024-01-18,Debit,26441.64,Bill Payment
192,72,2026-04-16,Debit,66784.62,Bill Payment
193,89,2025-12-27,Debit,2642.59,ATM Withdrawal
194,114,2024-05-11,Credit,51759.51,Transfer
195,65,2024-08-02,Credit,73592.66,Cash Deposit
196,354,2026-02-20,Credit,6291.28,Cash Deposit
197,388,2025-03-17,Credit,15128.15,Salary
198,407,2025-11-06,Credit,35446.63,Transfer
199,23,2024-03-08,Debit,50235.19,ATM Withdrawal
200,401,2024-05-06,Credit,44276.43,Deposit
201,95,2025-11-17,Debit,2679.8,Online Payment
202,434,2026-02-03,Debit,71184.97,Bill Payment
203,181,2024-06-13,Credit,38115.74,Salary
204,51,2026-04-19,Credit,39898.49,Deposit
205,494,2024-10-15,Credit,67673.69,Salary
206,499,2026-01-12,Credit,69355.29,Cash Deposit
207,188,2025-12-15,Credit,33255.1,Salary
208,93,2026-05-04,Debit,73606.93,Transfer
209,110,2025-06-10,Credit,30864.56,Transfer
210,64,2025-04-22,Credit,39219.7,Cash Deposit
211,391,2025-01-04,Debit,42006.34,ATM Withdrawal
212,43,2024-12-01,Debit,9121.33,Bill Payment
213,234,2025-09-06,Debit,51684.97,Transfer
214,116,2025-07-21,Debit,22148.9,Transfer
215,97,2026-05-27,Credit,67159.22,Cash Deposit
216,481,2025-11-26,Debit,13857.65,Transfer
217,345,2024-04-17,Debit,33135.35,ATM Withdrawal
218,62,2024-05-26,Debit,30346.51,ATM Withdrawal
219,380,2026-08-05,Credit,5320.93,Deposit
220,174,2024-07-24,Debit,9645.78,Transfer
221,372,2025-05-26,Debit,57478.87,Bill Payment
222,388,2026-03-19,Debit,27029.25,Transfer
223,249,2025-06-07,Debit,11479.37,Transfer
224,56,2024-05-05,Debit,36955.93,Online Payment
225,322,2026-08-23,Credit,2714.4,Salary
226,426,2024-03-10,Debit,51019.0,Online Payment
227,196,2025-09-11,Debit,11878.88,ATM Withdrawal
228,390,2024-03-19,Debit,59558.49,Online Payment
229,151,2025-11-08,Debit,37023.65,Bill Payment
230,278,2024-12-17,Credit,71467.25,Salary
231,221,2026-06-20,Credit,29080.43,Transfer
232,437,2025-01-20,Debit,34744.39,ATM Withdrawal
233,91,2025-07-24,Debit,66410.17,Online Payment
234,252,2025-03-17,Credit,23778.25,Cash Deposit
235,250,2026-02-21,Credit,42879.71,Cash Deposit
236,338,2025-07-21,Debit,35955.37,Online Payment
237,260,2024-02-27,Debit,20122.63,Transfer
238,316,2025-11-23,Debit,57602.07,Bill Payment
239,165,2024-03-03,Credit,44489.52,Deposit
240,429,2025-01-10,Debit,60811.73,ATM Withdrawal
241,392,2026-07-01,Debit,28852.72,Transfer
242,177,2024-12-31,Debit,26669.56,Online Payment
243,127,2024-08-28,Debit,44643.61,ATM Withdrawal
244,445,2024-11-08,Credit,25650.77,Salary
245,276,2024-11-29,Credit,34837.75,Cash Deposit
246,291,2025-06-11,Debit,20363.11,Transfer
247,302,2024-01-23,Debit,28641.45,Transfer
248,166,2025-08-09,Credit,60720.33,Salary
249,354,2025-11-22,Credit,25529.58,Transfer
250,86,2025-09-21,Debit,27568.41,Transfer
251,104,2025-05-23,Credit,63108.35,Deposit
252,148,2024-09-28,Credit,22650.36,Cash Deposit
253,412,2024-08-19,Credit,53969.16,Salary
254,304,2024-12-10,Debit,5511.6,Transfer
255,219,2024-08-02,Debit,59776.06,Bill Payment
256,259,2026-04-03,Debit,32751.83,Bill Payment
257,103,2025-02-28,Debit,19219.23,Transfer
258,344,2026-02-20,Credit,66126.79,Deposit
259,296,2025-05-26,Credit,49730.06,Cash Deposit
260,138,2026-08-17,Debit,70130.38,ATM Withdrawal
261,268,2024-07-24,Debit,34955.26,Online Payment
262,78,2026-02-03,Debit,63387.09,Transfer
263,164,2026-05-30,Credit,47727.6,Cash Deposit
264,137,2026-04-23,Debit,48630.18,Bill Payment
265,352,2025-09-07,Credit,30737.01,Salary
266,77,2024-07-15,Credit,18796.2,Transfer
267,238,2025-05-12,Debit,31940.43,ATM Withdrawal
268,104,2024-06-12,Debit,10664.08,Bill Payment
269,405,2026-04-02,Debit,49570.97,Online Payment
270,330,2026-05-22,Credit,72302.12,Cash Deposit
271,401,2024-01-21,Credit,64539.01,Salary
272,161,2025-09-08,Debit,65104.3,Transfer
273,460,2025-01-07,Credit,30068.68,Deposit
274,121,2024-04-24,Credit,39385.84,Transfer
275,255,2026-06-24,Credit,18236.73,Salary
276,396,2026-04-06,Debit,25031.8,Transfer
277,413,2026-02-05,Credit,70194.76,Deposit
278,74,2024-04-19,Credit,16451.09,Transfer
279,226,2025-02-22,Debit,64786.05,ATM Withdrawal
280,252,2025-06-30,Debit,52621.52,ATM Withdrawal
281,163,2025-07-12,Debit,35876.63,Online Payment
282,494,2024-10-11,Credit,27543.35,Transfer
283,421,2024-11-11,Credit,48582.12,Salary
284,431,2026-01-27,Credit,51955.84,Deposit
285,130,2025-07-19,Debit,23540.5,Bill Payment
286,463,2026-04-11,Credit,40350.85,Deposit
287,440,2025-03-29,Debit,1086.02,Transfer
288,475,2026-07-28,Debit,22916.17,Online Payment
289,153,2024-08-03,Credit,68733.86,Transfer
290,451,2026-04-11,Debit,59304.15,Bill Payment
291,444,2024-03-23,Debit,35596.3,Transfer
292,475,2026-05-11,Debit,53945.26,ATM Withdrawal
293,423,2024-06-13,Debit,38221.92,Bill Payment
294,216,2025-09-08,Debit,34268.0,ATM Withdrawal
295,391,2024-02-23,Credit,47446.65,Deposit
296,2,2025-02-14,Credit,47308.07,Transfer
297,295,2024-03-25,Credit,12257.77,Deposit
298,434,2025-08-31,Debit,59551.85,Bill Payment
299,232,2025-05-04,Credit,19920.65,Transfer
300,410,2024-10-15,Credit,6787.72,Transfer
301,94,2025-02-06,Debit,70884.41,Online Payment
302,11,2026-08-28,Credit,69271.87,Deposit
303,465,2024-04-01,Debit,15270.83,Online Payment
304,26,2025-02-14,Debit,45229.26,Online Payment
305,46,2026-09-08,Debit,13174.15,ATM Withdrawal
306,8,2026-01-05,Debit,58115.27,Transfer
307,424,2025-11-20,Debit,9329.17,Online Payment
308,98,2026-08-26,Debit,21953.17,Transfer
309,196,2024-05-13,Debit,64297.16,Online Payment
310,422,2024-10-16,Credit,31665.66,Cash Deposit
311,406,2024-05-29,Credit,22119.38,Transfer
312,121,2025-09-24,Debit,68095.95,Bill Payment
313,299,2025-12-01,Debit,6887.53,Transfer
314,69,2026-06-11,Debit,73092.74,Transfer
315,352,2024-08-05,Debit,53279.76,Bill Payment
316,38,2024-04-07,Credit,4382.39,Deposit
317,242,2026-07-19,Debit,74757.09,ATM Withdrawal
318,3,2024-09-16,Debit,23036.8,Transfer
319,344,2025-01-14,Credit,72620.31,Salary
320,298,2024-07-02,Debit,13155.05,Transfer
321,477,2024-12-13,Debit,10328.01,Bill Payment
322,364,2025-06-27,Debit,11063.78,ATM Withdrawal
323,161,2024-02-15,Credit,37691.19,Transfer
324,383,2025-01-04,Debit,21577.95,Bill Payment
325,314,2026-04-29,Debit,39014.47,Transfer
326,458,2024-06-17,Debit,55396.76,Transfer
327,392,2026-08-30,Credit,41897.77,Cash Deposit
328,28,2024-07-12,Credit,4565.25,Deposit
329,19,2025-04-26,Debit,12684.84,Transfer
330,224,2024-04-28,Debit,3538.98,Bill Payment
331,364,2025-07-28,Debit,34603.1,ATM Withdrawal
332,434,2026-01-07,Credit,9712.24,Salary
333,105,2026-06-08,Debit,13958.79,Online Payment
334,384,2025-06-04,Debit,42461.93,Online Payment
335,299,2024-01-05,Credit,31523.21,Salary
336,127,2026-02-25,Debit,50929.68,Bill Payment
337,14,2024-10-18,Credit,29865.65,Salary
338,429,2024-11-27,Credit,2651.15,Cash Deposit
339,426,2025-12-25,Debit,34327.14,Bill Payment
340,305,2025-11-04,Credit,25042.31,Salary
341,336,2025-09-29,Debit,24706.2,Online Payment
342,109,2026-06-02,Credit,60216.07,Transfer
343,166,2026-03-28,Credit,55913.1,Cash Deposit
344,48,2025-02-12,Debit,13761.8,Transfer
345,46,2024-01-22,Credit,12639.08,Cash Deposit
346,146,2025-10-24,Credit,9484.85,Cash Deposit
347,411,2025-03-18,Debit,67828.2,Online Payment
348,184,2025-11-12,Credit,62487.94,Deposit
349,251,2025-04-01,Debit,35994.76,Transfer
350,47,2026-02-13,Debit,60919.08,Online Payment
351,223,2025-10-07,Debit,7424.59,Bill Payment
352,499,2025-04-19,Credit,48746.99,Deposit
353,477,2025-05-22,Credit,22157.38,Cash Deposit
354,41,2026-07-17,Debit,22879.3,Online Payment
355,351,2026-07-13,Debit,63194.58,Transfer
356,152,2025-08-05,Credit,41549.08,Salary
357,263,2024-04-20,Debit,31269.95,Transfer
358,339,2026-01-07,Debit,26981.59,ATM Withdrawal
359,394,2025-05-30,Credit,8988.19,Cash Deposit
360,92,2026-03-16,Credit,63296.78,Salary
361,43,2025-03-02,Debit,23889.0,Transfer
362,388,2025-11-17,Debit,46973.87,Bill Payment
363,175,2026-07-29,Credit,16224.59,Salary
364,383,2025-09-10,Debit,65435.38,ATM Withdrawal
365,223,2025-07-01,Credit,935.61,Salary
366,7,2024-06-24,Debit,34782.14,Transfer
367,445,2025-11-04,Debit,23058.6,Bill Payment
368,354,2025-11-20,Debit,60445.73,ATM Withdrawal
369,65,2024-05-18,Credit,14714.76,Salary
370,357,2024-07-11,Credit,16087.6,Deposit
371,333,2024-09-04,Debit,63235.68,Online Payment
372,45,2024-11-04,Debit,11538.34,Transfer
373,12,2024-04-29,Credit,67729.94,Cash Deposit
374,494,2025-05-11,Debit,1962.27,Transfer
375,300,2024-09-05,Credit,22464.94,Cash Deposit
376,27,2024-12-07,Credit,8148.43,Cash Deposit
377,213,2026-05-18,Debit,55412.33,Bill Payment
378,19,2025-05-14,Debit,36714.52,Transfer
379,119,2026-01-01,Credit,39859.01,Cash Deposit
380,296,2024-11-19,Credit,20454.74,Cash Deposit
381,456,2025-04-29,Credit,37361.77,Transfer
382,230,2025-12-15,Debit,2050.12,Bill Payment
383,372,2024-07-15,Debit,26116.63,Online Payment
384,260,2024-08-12,Debit,69169.3,Transfer
385,68,2026-06-23,Debit,54363.13,Transfer
386,492,2025-03-02,Debit,59799.96,Online Payment
387,319,2024-07-31,Debit,51956.97,ATM Withdrawal
388,342,2025-05-09,Credit,13410.19,Deposit
389,311,2025-05-18,Credit,59614.44,Cash Deposit
390,156,2024-08-28,Credit,41983.87,Salary
391,184,2026-06-21,Debit,27099.77,Online Payment
392,90,2026-04-27,Credit,60607.76,Transfer
393,221,2024-04-26,Credit,9491.26,Deposit
394,250,2024-09-21,Debit,58973.99,ATM Withdrawal
395,395,2026-06-17,Debit,67275.67,ATM Withdrawal
396,362,2024-02-21,Debit,60024.52,ATM Withdrawal
397,500,2024-04-18,Credit,61858.96,Salary
398,260,2024-04-17,Credit,47429.5,Deposit
399,467,2025-01-05,Credit,54762.02,Cash Deposit
400,391,2025-06-02,Debit,55075.12,ATM Withdrawal
401,79,2025-10-24,Debit,25428.26,Online Payment
402,63,2026-05-18,Credit,33213.58,Cash Deposit
403,394,2026-02-26,Credit,18776.05,Cash Deposit
404,175,2024-10-20,Credit,6849.92,Transfer
405,367,2026-02-11,Debit,27367.93,Online Payment
406,78,2026-02-10,Debit,59147.57,Online Payment
407,411,2025-03-15,Debit,68892.49,Transfer
408,488,2026-05-22,Debit,70808.65,Transfer
409,75,2026-02-27,Credit,53963.12,Salary
410,44,2024-12-12,Debit,30422.99,Online Payment
411,223,2024-03-03,Debit,57059.83,Online Payment
412,463,2025-08-11,Credit,73341.11,Transfer
413,215,2025-02-15,Debit,54255.55,Bill Payment
414,466,2024-12-18,Credit,62111.76,Deposit
415,359,2025-02-17,Debit,48469.01,Transfer
416,358,2024-12-19,Debit,58267.32,Bill Payment
417,44,2024-02-07,Debit,29554.52,Online Payment
418,267,2025-07-07,Debit,16423.22,Bill Payment
419,267,2024-12-14,Credit,2244.92,Transfer
420,124,2026-05-02,Debit,54624.94,ATM Withdrawal
421,375,2024-03-02,Debit,19851.86,Bill Payment
422,64,2024-02-18,Credit,33930.9,Salary
423,233,2024-12-13,Credit,60501.37,Deposit
424,180,2024-11-02,Debit,50185.72,Online Payment
425,366,2025-01-21,Credit,8339.41,Deposit
426,422,2026-03-08,Debit,34346.06,Online Payment
427,365,2025-03-11,Debit,6605.06,ATM Withdrawal
428,218,2026-06-28,Credit,35980.85,Cash Deposit
429,40,2025-01-13,Debit,44323.84,Transfer
430,447,2024-09-27,Debit,47916.36,Transfer
431,353,2026-08-11,Debit,55012.91,Transfer
432,422,2024-06-15,Credit,38181.05,Cash Deposit
433,365,2025-04-13,Credit,72618.37,Salary
434,356,2024-08-05,Debit,35764.99,Online Payment
435,484,2025-07-26,Debit,69166.45,ATM Withdrawal
436,309,2026-05-22,Debit,8720.04,Bill Payment
437,293,2024-10-23,Credit,39446.92,Salary
438,191,2024-11-08,Debit,23092.88,Transfer
439,15,2026-03-21,Credit,11089.42,Cash Deposit
440,25,2026-08-17,Debit,66734.76,Online Payment
441,94,2026-04-18,Debit,655.39,Bill Payment
442,35,2026-06-10,Credit,31609.35,Transfer
443,290,2025-04-08,Debit,58710.53,Transfer
444,428,2026-01-07,Credit,57265.37,Cash Deposit
445,390,2025-04-05,Debit,11599.2,Bill Payment
446,46,2026-03-30,Debit,29349.02,Transfer
447,174,2025-07-07,Credit,71876.92,Cash Deposit
448,377,2024-10-11,Credit,65013.54,Salary
449,293,2025-10-07,Debit,42297.8,ATM Withdrawal
450,330,2025-07-26,Credit,14835.79,Salary
451,491,2025-08-06,Credit,56416.61,Salary
452,62,2025-11-05,Credit,72197.07,Transfer
453,403,2024-07-29,Credit,62311.95,Cash Deposit
454,44,2026-04-06,Debit,30433.94,ATM Withdrawal
455,252,2026-06-01,Credit,25826.76,Deposit
456,213,2024-01-25,Debit,28959.82,ATM Withdrawal
457,59,2024-04-11,Credit,21758.7,Deposit
458,131,2026-02-25,Credit,11989.94,Cash Deposit
459,348,2024-06-22,Credit,46278.42,Transfer
460,93,2024-01-28,Credit,22702.81,Salary
461,164,2024-05-25,Debit,67029.32,Bill Payment
462,193,2026-08-22,Credit,4364.92,Deposit
463,386,2025-09-03,Credit,37226.97,Cash Deposit
464,487,2024-04-27,Debit,5017.08,Transfer
465,284,2025-02-20,Credit,36570.78,Cash Deposit
466,325,2024-08-27,Credit,20552.4,Salary
467,127,2026-02-20,Credit,23193.66,Cash Deposit
468,229,2024-03-26,Credit,58824.68,Deposit
469,192,2025-07-07,Credit,58760.76,Cash Deposit
470,493,2026-07-22,Debit,3613.51,Transfer
471,493,2026-04-29,Debit,49152.88,Online Payment
472,1,2024-03-02,Debit,20861.07,Bill Payment
473,430,2025-11-27,Debit,74943.52,Online Payment
474,300,2026-05-10,Debit,3888.61,ATM Withdrawal
475,154,2024-04-01,Debit,52532.98,Online Payment
476,372,2025-07-23,Debit,65931.81,Online Payment
477,313,2025-05-31,Debit,66352.91,Bill Payment
478,326,2024-09-24,Debit,20839.48,Bill Payment
479,175,2024-08-03,Debit,71944.95,Bill Payment
480,9,2026-07-24,Credit,48660.03,Salary
481,312,2025-05-02,Credit,67657.65,Deposit
482,212,2025-07-23,Debit,57303.66,ATM Withdrawal
483,404,2026-06-16,Credit,40629.37,Cash Deposit
484,345,2024-05-06,Debit,72916.91,Transfer
485,424,2025-09-07,Debit,29312.95,ATM Withdrawal
486,64,2025-04-18,Debit,70250.46,Transfer
487,5,2024-08-14,Credit,57002.36,Transfer
488,99,2024-04-02,Debit,60726.88,Online Payment
489,120,2025-05-20,Debit,3241.31,Transfer
490,464,2025-12-21,Credit,1031.59,Cash Deposit
491,57,2026-06-09,Debit,42898.12,Transfer
492,88,2025-07-19,Credit,49657.96,Deposit
493,34,2025-08-25,Credit,56075.02,Deposit
494,133,2026-08-13,Credit,66134.73,Transfer
495,99,2026-05-18,Credit,74400.38,Transfer
496,349,2025-07-27,Debit,645.64,Transfer
497,329,2025-11-20,Credit,64112.56,Transfer
498,222,2026-05-14,Debit,20915.65,Transfer
499,254,2025-01-05,Credit,66343.28,Deposit
500,25,2024-10-11,Debit,40164.57,Bill Payment
501,3,2025-02-05,Credit,25435.58,Salary
502,378,2024-08-19,Debit,71854.29,Online Payment
503,101,2024-06-17,Debit,23655.04,ATM Withdrawal
504,15,2025-05-06,Debit,60700.4,Bill Payment
505,431,2024-09-13,Credit,8534.13,Deposit
506,491,2024-12-14,Credit,61711.72,Deposit
507,484,2024-03-15,Debit,57425.34,Transfer
508,297,2024-05-07,Credit,73102.16,Salary
509,194,2024-11-16,Credit,58807.14,Salary
510,471,2026-04-01,Debit,4581.77,Transfer
511,34,2024-04-14,Credit,42164.72,Transfer
512,436,2025-01-25,Debit,7639.35,Transfer
513,120,2026-06-04,Credit,34279.14,Cash Deposit
514,408,2025-03-14,Credit,25801.43,Salary
515,233,2025-06-13,Debit,44292.1,ATM Withdrawal
516,53,2024-01-13,Credit,44670.04,Deposit
517,464,2025-08-09,Credit,47983.6,Transfer
518,182,2025-03-07,Debit,54484.42,Transfer
519,96,2024-09-05,Credit,59878.41,Salary
520,66,2024-11-15,Debit,38727.87,Bill Payment
521,160,2025-08-20,Credit,11481.98,Transfer
522,309,2024-12-17,Debit,27977.83,ATM Withdrawal
523,266,2025-08-23,Credit,4770.16,Salary
524,217,2024-12-18,Credit,73250.05,Deposit
525,403,2024-03-11,Debit,14606.99,Transfer
526,356,2025-12-09,Debit,45182.29,Bill Payment
527,437,2025-08-15,Debit,46399.68,Transfer
528,169,2024-06-15,Credit,34345.51,Salary
529,254,2024-08-12,Credit,48088.15,Deposit
530,239,2025-09-30,Credit,18306.92,Transfer
531,414,2026-01-27,Debit,15796.07,Online Payment
532,423,2024-01-07,Debit,1236.96,Bill Payment
533,16,2025-07-22,Credit,11108.95,Cash Deposit
534,100,2025-10-08,Debit,3770.91,ATM Withdrawal
535,102,2024-07-21,Debit,13473.92,Bill Payment
536,369,2024-06-27,Debit,63641.3,Online Payment
537,92,2024-07-19,Credit,13617.77,Transfer
538,467,2024-04-13,Credit,62442.71,Deposit
539,195,2025-11-01,Credit,25709.55,Deposit
540,157,2025-04-12,Credit,28038.23,Transfer
541,339,2024-06-24,Debit,65939.89,ATM Withdrawal
542,61,2024-05-27,Credit,59719.91,Deposit
543,273,2025-01-22,Debit,24187.39,Transfer
544,326,2024-09-07,Credit,57349.64,Deposit
545,438,2025-07-02,Debit,59324.29,Bill Payment
546,127,2024-02-24,Debit,65527.44,Transfer
547,108,2026-01-14,Credit,58957.56,Salary
548,86,2025-06-04,Debit,56472.45,Bill Payment
549,256,2025-06-15,Debit,13835.39,Bill Payment
550,270,2025-12-12,Debit,53815.92,Transfer
551,243,2024-10-01,Debit,48038.87,ATM Withdrawal
552,107,2024-08-12,Credit,34179.97,Deposit
553,203,2024-08-11,Debit,32164.2,Transfer
554,293,2024-06-09,Debit,19462.43,ATM Withdrawal
555,69,2026-02-08,Credit,22481.08,Transfer
556,118,2025-08-20,Credit,35161.36,Transfer
557,219,2025-04-06,Debit,32721.67,Bill Payment
558,412,2025-05-24,Debit,20839.95,ATM Withdrawal
559,92,2025-03-28,Credit,20289.05,Salary
560,184,2026-07-12,Credit,22441.58,Salary
561,403,2024-10-10,Credit,7831.48,Salary
562,185,2024-02-09,Credit,25364.96,Transfer
563,129,2024-11-05,Debit,14702.86,Online Payment
564,438,2026-02-09,Debit,1135.77,Bill Payment
565,145,2026-04-22,Debit,58843.05,Transfer
566,485,2025-02-19,Credit,35664.3,Deposit
567,444,2025-02-11,Credit,17406.01,Deposit
568,243,2024-08-27,Debit,54327.02,Transfer
569,175,2026-03-21,Credit,23824.08,Deposit
570,220,2026-02-27,Debit,16114.06,Transfer
571,437,2025-07-25,Credit,28415.16,Deposit
572,157,2026-08-23,Credit,37735.12,Transfer
573,174,2024-08-18,Debit,32216.09,Transfer
574,391,2026-03-08,Debit,24792.92,ATM Withdrawal
575,291,2026-03-15,Credit,69199.74,Deposit
576,488,2024-12-04,Debit,73522.82,Online Payment
577,486,2025-02-04,Credit,40319.55,Deposit
578,244,2024-04-21,Debit,42928.87,Transfer
579,328,2026-07-05,Debit,7446.49,ATM Withdrawal
580,346,2025-07-20,Credit,2888.41,Cash Deposit
581,14,2024-07-10,Credit,5677.08,Cash Deposit
582,146,2024-07-29,Credit,22187.36,Salary
583,233,2024-02-28,Debit,39130.61,Online Payment
584,168,2026-05-30,Debit,29637.34,ATM Withdrawal
585,67,2025-07-03,Debit,36129.71,ATM Withdrawal
586,200,2026-09-05,Credit,10179.96,Deposit
587,159,2025-03-18,Debit,12329.2,Bill Payment
588,301,2024-07-26,Debit,21020.35,ATM Withdrawal
589,74,2025-04-01,Credit,61931.41,Deposit
590,270,2024-12-02,Debit,34785.24,ATM Withdrawal
591,378,2024-04-03,Debit,48649.29,Transfer
592,178,2025-12-18,Debit,29636.23,Online Payment
593,213,2024-09-12,Credit,67547.36,Cash Deposit
594,235,2025-01-28,Credit,52539.89,Salary
595,202,2025-12-16,Credit,18357.3,Deposit
596,141,2026-06-22,Debit,50165.94,ATM Withdrawal
597,358,2026-01-13,Credit,68200.87,Cash Deposit
598,391,2025-07-20,Credit,74651.07,Salary
599,387,2024-04-17,Debit,31052.16,Online Payment
600,130,2024-07-31,Credit,34931.48,Salary
601,328,2025-12-12,Debit,28896.09,Transfer
602,439,2024-07-18,Debit,3314.21,Bill Payment
603,59,2025-12-27,Credit,24869.72,Cash Deposit
604,249,2025-04-17,Credit,6649.87,Deposit
605,366,2026-08-30,Debit,10949.05,Bill Payment
606,431,2024-06-14,Credit,62967.94,Salary
607,91,2024-10-28,Credit,40331.71,Cash Deposit
608,87,2024-03-20,Credit,50965.04,Deposit
609,226,2025-01-01,Credit,16642.1,Salary
610,458,2025-11-22,Credit,33433.33,Salary
611,429,2025-10-12,Credit,29601.07,Transfer
612,228,2024-02-23,Credit,4125.52,Cash Deposit
613,393,2024-07-25,Credit,28411.03,Deposit
614,103,2024-04-03,Credit,31915.36,Salary
615,173,2026-04-20,Credit,51156.98,Salary
616,113,2026-09-08,Credit,59870.85,Deposit
617,371,2024-06-20,Credit,31468.16,Salary
618,418,2024-11-30,Debit,42373.03,Online Payment
619,320,2024-07-31,Debit,70449.78,ATM Withdrawal
620,119,2024-08-06,Credit,27064.94,Deposit
621,8,2025-02-15,Debit,1392.61,Online Payment
622,235,2024-08-13,Credit,49518.15,Transfer
623,333,2025-09-30,Debit,3773.45,Online Payment
624,211,2024-11-04,Debit,73741.14,ATM Withdrawal
625,365,2025-07-03,Credit,19269.54,Salary
626,308,2024-11-28,Debit,51003.59,Online Payment
627,171,2024-06-28,Debit,73362.6,Transfer
628,35,2024-12-09,Credit,45835.73,Cash Deposit
629,196,2025-06-07,Credit,38004.79,Salary
630,120,2024-01-22,Credit,23509.22,Cash Deposit
631,388,2024-09-06,Credit,4964.26,Transfer
632,256,2024-10-30,Credit,11799.46,Deposit
633,329,2024-02-08,Credit,69293.98,Cash Deposit
634,379,2026-06-17,Debit,10502.89,Bill Payment
635,330,2026-03-16,Credit,39305.03,Cash Deposit
636,332,2026-04-12,Debit,56416.04,Online Payment
637,434,2026-01-20,Debit,26033.27,Online Payment
638,277,2024-02-25,Credit,60208.16,Deposit
639,312,2026-06-12,Debit,39349.66,Online Payment
640,227,2025-10-06,Credit,5313.96,Cash Deposit
641,36,2026-09-03,Credit,4381.96,Deposit
642,481,2024-07-28,Credit,7336.07,Deposit
643,121,2025-06-03,Credit,32254.87,Cash Deposit
644,160,2024-06-17,Credit,18746.91,Deposit
645,311,2024-09-11,Debit,21758.79,Transfer
646,496,2025-10-12,Credit,20753.63,Cash Deposit
647,41,2026-08-31,Debit,30169.21,Online Payment
648,242,2025-03-27,Debit,38144.3,Transfer
649,390,2024-06-08,Debit,1975.93,Transfer
650,219,2026-05-24,Credit,57034.95,Transfer
651,305,2025-07-04,Credit,41687.48,Deposit
652,132,2025-01-24,Debit,23285.62,Bill Payment
653,193,2025-07-29,Debit,5859.5,Online Payment
654,367,2025-04-25,Credit,12026.97,Deposit
655,3,2024-01-14,Debit,37113.3,Transfer
656,482,2025-02-08,Debit,29110.79,Bill Payment
657,329,2025-08-25,Credit,30954.68,Salary
658,472,2024-05-07,Debit,69943.65,Online Payment
659,100,2026-02-20,Debit,71803.72,Bill Payment
660,261,2025-12-27,Debit,47805.99,Bill Payment
661,357,2024-02-29,Debit,69525.65,Online Payment
662,125,2025-05-04,Credit,69149.41,Transfer
663,324,2025-12-24,Credit,52461.62,Deposit
664,134,2025-09-11,Debit,70847.76,Online Payment
665,131,2024-09-10,Credit,1419.14,Salary
666,330,2025-12-29,Debit,30126.19,ATM Withdrawal
667,266,2026-07-20,Credit,65762.46,Deposit
668,425,2025-03-13,Debit,52041.84,Transfer
669,301,2024-11-11,Debit,56558.44,ATM Withdrawal
670,56,2025-10-13,Debit,61159.99,Bill Payment
671,384,2024-08-02,Debit,52576.17,ATM Withdrawal
672,87,2026-04-15,Debit,617.6,ATM Withdrawal
673,397,2025-12-14,Debit,39609.67,Bill Payment
674,376,2025-03-17,Credit,13641.9,Deposit
675,361,2024-05-17,Credit,36742.11,Salary
676,231,2025-08-03,Credit,14330.03,Salary
677,384,2024-07-06,Credit,19821.72,Cash Deposit
678,226,2025-10-03,Credit,65192.97,Deposit
679,41,2024-10-27,Credit,28640.78,Transfer
680,33,2024-12-16,Credit,44130.66,Cash Deposit
681,249,2025-11-19,Credit,1208.24,Transfer
682,385,2026-09-05,Credit,50066.51,Salary
683,50,2024-08-04,Credit,28487.1,Transfer
684,478,2025-05-12,Debit,56889.92,Transfer
685,173,2025-01-14,Debit,74958.66,Online Payment
686,482,2025-01-04,Debit,28693.46,ATM Withdrawal
687,500,2024-12-30,Debit,60567.13,ATM Withdrawal
688,234,2026-06-10,Debit,54528.9,Online Payment
689,14,2025-09-08,Credit,65240.89,Transfer
690,487,2025-12-17,Credit,27948.03,Cash Deposit
691,264,2025-02-27,Credit,733.12,Transfer
692,9,2025-10-10,Debit,65570.87,Bill Payment
693,348,2025-03-30,Credit,45703.84,Cash Deposit
694,379,2025-09-19,Credit,26450.88,Cash Deposit
695,338,2026-05-27,Credit,55203.69,Transfer
696,311,2024-07-18,Credit,65304.47,Salary
697,66,2025-05-24,Credit,22950.45,Cash Deposit
698,87,2026-07-06,Debit,71651.32,Transfer
699,340,2025-07-07,Credit,18630.02,Deposit
700,386,2026-08-24,Credit,8357.49,Salary
701,83,2026-08-09,Debit,67747.31,Bill Payment
702,113,2026-01-06,Debit,50111.98,ATM Withdrawal
703,341,2024-05-19,Debit,7237.91,Bill Payment
704,447,2024-08-17,Credit,48477.0,Cash Deposit
705,467,2026-01-04,Debit,49217.01,Transfer
706,414,2024-08-26,Credit,19802.5,Transfer
707,45,2024-04-24,Credit,25847.72,Deposit
708,382,2026-08-22,Credit,43176.51,Deposit
709,437,2024-11-16,Debit,43480.3,ATM Withdrawal
710,160,2024-03-04,Credit,63610.34,Cash Deposit
711,164,2026-02-28,Debit,59915.1,Online Payment
712,267,2025-11-10,Credit,8440.65,Salary
713,276,2026-05-22,Debit,24036.5,Bill Payment
714,429,2024-08-12,Debit,51158.58,Online Payment
715,308,2024-10-17,Credit,56155.96,Salary
716,307,2024-11-23,Debit,37927.16,ATM Withdrawal
717,141,2026-05-18,Debit,47515.24,Online Payment
718,254,2024-10-25,Debit,4881.54,Bill Payment
719,79,2026-04-27,Credit,63681.21,Deposit
720,359,2026-01-23,Credit,69275.26,Deposit
721,439,2025-05-14,Debit,22783.08,Online Payment
722,12,2025-07-15,Debit,25637.06,Transfer
723,179,2026-02-14,Debit,29634.2,Bill Payment
724,145,2025-12-14,Credit,52732.6,Cash Deposit
725,50,2024-05-14,Debit,56543.85,ATM Withdrawal
726,436,2026-08-15,Debit,34586.17,Online Payment
727,296,2024-05-20,Debit,52348.69,Bill Payment
728,460,2024-05-28,Credit,16751.17,Deposit
729,377,2025-10-28,Credit,27485.82,Salary
730,348,2026-03-15,Credit,28553.41,Cash Deposit
731,348,2026-05-11,Credit,69485.91,Salary
732,183,2025-04-30,Credit,70907.21,Salary
733,264,2025-10-27,Debit,44707.73,Online Payment
734,322,2026-01-09,Debit,18752.57,ATM Withdrawal
735,124,2025-02-10,Debit,23050.38,Online Payment
736,335,2026-02-02,Debit,58300.81,ATM Withdrawal
737,399,2025-04-19,Debit,21003.59,Transfer
738,189,2024-01-12,Credit,9188.76,Salary
739,251,2025-10-18,Credit,2215.49,Cash Deposit
740,141,2025-12-11,Credit,59678.61,Deposit
741,197,2025-05-10,Debit,22728.07,Online Payment
742,51,2024-11-29,Credit,53675.73,Deposit
743,208,2026-04-12,Credit,29837.84,Cash Deposit
744,33,2025-06-15,Credit,56636.36,Deposit
745,495,2025-11-05,Credit,13959.48,Deposit
746,3,2025-07-22,Debit,60138.22,ATM Withdrawal
747,21,2024-05-11,Credit,49121.72,Salary
748,288,2024-09-19,Credit,6803.47,Salary
749,260,2024-11-01,Debit,72487.57,Online Payment
750,217,2026-08-25,Credit,19001.11,Salary
751,485,2026-08-26,Debit,49607.24,Transfer
752,72,2025-08-13,Debit,52285.06,Bill Payment
753,311,2025-07-05,Credit,51750.81,Salary
754,122,2024-02-07,Credit,11054.22,Deposit
755,491,2024-05-17,Credit,44587.84,Transfer
756,66,2026-01-16,Debit,6039.79,Bill Payment
757,134,2025-01-25,Credit,30304.42,Salary
758,484,2024-09-17,Debit,70544.85,Online Payment
759,275,2024-07-27,Credit,47402.83,Transfer
760,325,2025-12-14,Credit,53726.15,Deposit
761,215,2026-04-21,Credit,24068.85,Cash Deposit
762,195,2024-01-27,Credit,6275.58,Salary
763,273,2024-04-22,Debit,5413.97,ATM Withdrawal
764,186,2026-07-20,Debit,58466.29,Online Payment
765,445,2026-03-28,Credit,20886.69,Salary
766,194,2024-08-15,Debit,71407.82,ATM Withdrawal
767,90,2025-06-23,Debit,44367.62,Transfer
768,49,2025-06-25,Debit,52683.94,Bill Payment
769,283,2024-10-04,Credit,67294.48,Deposit
770,163,2026-08-27,Debit,13960.1,Transfer
771,245,2025-08-29,Credit,19800.05,Deposit
772,337,2024-05-09,Credit,28720.65,Transfer
773,28,2026-07-29,Debit,53208.93,Online Payment
774,348,2025-09-15,Debit,53155.61,Online Payment
775,225,2024-12-28,Debit,37916.08,Bill Payment
776,488,2025-03-14,Credit,23236.46,Salary
777,486,2024-11-08,Debit,57908.09,ATM Withdrawal
778,325,2024-03-22,Credit,54881.5,Salary
779,85,2025-08-12,Credit,6801.59,Transfer
780,284,2026-08-09,Debit,60721.85,ATM Withdrawal
781,493,2026-08-29,Debit,50938.96,Online Payment
782,246,2025-05-24,Credit,30707.62,Deposit
783,467,2026-05-01,Credit,53704.93,Transfer
784,126,2026-01-26,Credit,45749.33,Deposit
785,346,2026-08-10,Credit,13523.66,Transfer
786,430,2024-05-16,Debit,71460.03,Transfer
787,254,2025-01-23,Credit,28309.64,Salary
788,174,2026-07-24,Credit,62463.62,Salary
789,149,2024-11-02,Debit,22369.11,Online Payment
790,2,2026-01-25,Debit,16701.01,Bill Payment
791,476,2026-08-13,Credit,70188.37,Cash Deposit
792,30,2024-12-30,Credit,46357.0,Transfer
793,153,2024-12-28,Credit,884.0,Deposit
794,206,2024-12-29,Credit,8049.66,Cash Deposit
795,102,2024-03-27,Credit,31098.57,Cash Deposit
796,4,2024-06-08,Debit,17344.09,Transfer
797,192,2024-11-02,Debit,32411.44,Online Payment
798,275,2026-04-11,Debit,8597.78,Transfer
799,337,2026-05-09,Debit,12556.66,Bill Payment
800,383,2025-03-20,Credit,27263.14,Deposit
801,57,2024-07-13,Debit,3499.09,Transfer
802,216,2026-01-31,Debit,67624.34,Online Payment
803,342,2024-07-22,Debit,71997.56,Bill Payment
804,61,2025-03-07,Debit,41484.21,Online Payment
805,167,2026-02-08,Debit,37888.46,Transfer
806,68,2024-04-22,Credit,59557.12,Deposit
807,80,2024-12-18,Credit,57670.18,Deposit
808,27,2025-11-25,Debit,32510.05,ATM Withdrawal
809,223,2025-05-06,Debit,21525.64,ATM Withdrawal
810,390,2025-03-15,Credit,46512.18,Deposit
811,128,2024-10-14,Credit,64880.43,Deposit
812,342,2026-04-20,Debit,15281.73,ATM Withdrawal
813,359,2026-01-17,Credit,14555.84,Deposit
814,118,2024-05-03,Credit,30395.6,Transfer
815,99,2026-08-09,Credit,32259.57,Deposit
816,47,2026-06-04,Credit,28836.27,Transfer
817,359,2025-10-10,Credit,17022.26,Cash Deposit
818,246,2024-03-03,Debit,48468.55,Bill Payment
819,57,2024-10-02,Debit,21401.42,Bill Payment
820,365,2025-03-04,Credit,24328.15,Salary
821,94,2024-02-11,Credit,4383.73,Transfer
822,109,2024-10-19,Debit,21371.87,ATM Withdrawal
823,221,2024-07-08,Debit,71150.45,Bill Payment
824,172,2024-11-07,Credit,7718.1,Salary
825,350,2025-07-19,Credit,25175.27,Transfer
826,381,2026-03-08,Debit,18249.79,Bill Payment
827,108,2025-08-21,Debit,6998.72,ATM Withdrawal
828,67,2025-10-06,Credit,3557.4,Deposit
829,99,2025-12-22,Debit,69449.8,ATM Withdrawal
830,483,2025-07-13,Debit,22959.99,Transfer
831,390,2024-07-25,Credit,3763.93,Deposit
832,215,2025-07-17,Debit,66923.21,Bill Payment
833,459,2025-01-09,Debit,47424.92,ATM Withdrawal
834,467,2025-03-22,Credit,36470.14,Salary
835,86,2025-09-05,Debit,52404.61,Online Payment
836,149,2024-02-16,Credit,59682.08,Deposit
837,380,2026-04-14,Debit,37379.43,ATM Withdrawal
838,85,2025-03-24,Debit,42406.14,Transfer
839,206,2025-09-13,Debit,15915.88,ATM Withdrawal
840,82,2025-08-08,Credit,44612.4,Salary
841,451,2026-08-08,Debit,38034.42,Bill Payment
842,156,2026-05-22,Credit,22579.09,Transfer
843,283,2024-05-01,Credit,17182.74,Deposit
844,150,2024-02-10,Credit,70682.43,Transfer
845,475,2024-05-16,Debit,65567.02,ATM Withdrawal
846,329,2024-09-11,Credit,40327.32,Salary
847,333,2024-12-21,Debit,24679.86,Bill Payment
848,370,2024-05-16,Debit,67426.01,Bill Payment
849,167,2024-02-28,Credit,61882.92,Deposit
850,375,2024-10-13,Credit,19571.05,Salary
851,276,2025-11-04,Credit,54333.86,Cash Deposit
852,485,2025-10-31,Debit,65316.92,Online Payment
853,419,2025-03-28,Credit,24657.6,Deposit
854,298,2025-10-06,Debit,12095.29,Online Payment
855,374,2026-01-13,Debit,27963.68,Transfer
856,48,2025-05-22,Credit,34724.56,Deposit
857,97,2025-08-06,Debit,70779.95,Online Payment
858,332,2024-10-15,Credit,23606.94,Deposit
859,419,2025-02-07,Credit,5674.33,Salary
860,219,2024-09-08,Debit,68230.26,Transfer
861,52,2026-01-11,Credit,54643.96,Salary
862,309,2024-04-12,Debit,29107.3,ATM Withdrawal
863,424,2024-01-14,Credit,10347.34,Salary
864,138,2024-05-26,Credit,59533.83,Salary
865,491,2026-03-21,Credit,40906.58,Transfer
866,437,2025-12-25,Credit,15572.96,Cash Deposit
867,389,2025-07-30,Debit,61252.14,Bill Payment
868,170,2025-05-05,Credit,18663.76,Transfer
869,322,2025-07-10,Credit,2079.99,Salary
870,53,2025-07-11,Debit,8141.17,Transfer
871,73,2024-01-02,Credit,2288.06,Cash Deposit
872,198,2024-05-30,Debit,49324.66,Online Payment
873,472,2026-06-19,Debit,51664.09,ATM Withdrawal
874,252,2024-06-22,Credit,17226.92,Transfer
875,183,2024-03-19,Debit,9317.15,ATM Withdrawal
876,459,2024-02-14,Credit,13766.05,Transfer
877,308,2024-07-04,Debit,11691.39,Bill Payment
878,320,2026-04-17,Debit,26454.73,ATM Withdrawal
879,139,2026-07-27,Debit,49799.01,Bill Payment
880,416,2026-07-17,Credit,59269.78,Deposit
881,399,2025-11-02,Credit,24359.07,Cash Deposit
882,229,2026-01-08,Debit,61191.41,ATM Withdrawal
883,296,2025-03-13,Debit,11277.75,Bill Payment
884,66,2024-07-05,Debit,26769.35,Transfer
885,218,2025-05-07,Debit,45329.86,Bill Payment
886,71,2026-04-01,Credit,29047.3,Cash Deposit
887,276,2025-06-30,Debit,40169.35,Online Payment
888,197,2024-03-26,Debit,39757.47,Online Payment
889,360,2024-03-30,Credit,27447.35,Deposit
890,436,2024-01-18,Debit,42098.9,Online Payment
891,472,2024-04-22,Credit,68396.46,Transfer
892,435,2026-05-19,Credit,22454.95,Deposit
893,428,2026-05-23,Debit,18566.06,Online Payment
894,29,2026-02-03,Credit,9234.07,Deposit
895,194,2026-01-20,Credit,52361.13,Cash Deposit
896,191,2024-02-25,Credit,49874.68,Salary
897,245,2026-05-07,Credit,2748.84,Transfer
898,73,2024-03-21,Credit,6241.36,Cash Deposit
899,77,2026-02-22,Credit,35497.47,Deposit
900,384,2025-06-24,Debit,35528.75,Bill Payment
901,228,2026-03-11,Credit,21864.3,Deposit
902,31,2026-06-21,Credit,45510.93,Deposit
903,258,2024-06-13,Credit,30031.11,Cash Deposit
904,349,2026-08-28,Debit,41784.62,Bill Payment
905,471,2025-08-08,Debit,53346.78,Transfer
906,477,2024-06-09,Debit,72997.61,Transfer
907,487,2024-05-08,Credit,30329.98,Salary
908,113,2025-02-05,Credit,61776.62,Salary
909,419,2025-12-10,Debit,36067.51,Transfer
910,424,2025-01-24,Credit,4573.04,Transfer
911,332,2025-03-10,Credit,20609.01,Salary
912,40,2025-01-06,Debit,2589.64,Bill Payment
913,84,2025-07-08,Credit,5366.28,Salary
914,388,2026-07-20,Debit,14486.91,Online Payment
915,327,2026-08-09,Credit,18404.97,Salary
916,292,2025-08-01,Credit,42498.58,Cash Deposit
917,24,2024-02-19,Debit,7444.21,Bill Payment
918,5,2024-12-31,Debit,71926.06,Online Payment
919,162,2026-02-08,Debit,54563.77,Online Payment
920,360,2025-11-21,Credit,25183.2,Salary
921,258,2026-04-06,Credit,2264.56,Cash Deposit
922,245,2025-08-23,Credit,22113.89,Deposit
923,350,2025-04-19,Credit,66447.69,Salary
924,488,2026-01-05,Credit,66387.95,Deposit
925,394,2026-01-05,Credit,74509.54,Transfer
926,230,2026-03-15,Credit,25757.04,Transfer
927,320,2026-05-26,Debit,3480.96,Transfer
928,123,2024-08-01,Credit,71872.17,Cash Deposit
929,50,2026-04-04,Credit,11125.38,Transfer
930,281,2026-06-07,Credit,37668.96,Cash Deposit
931,161,2024-06-22,Debit,12529.7,Bill Payment
932,296,2025-01-07,Debit,7147.58,Online Payment
933,364,2026-03-01,Debit,19716.84,Transfer
934,132,2026-02-20,Debit,48946.76,Online Payment
935,482,2024-05-06,Debit,3449.65,Bill Payment
936,206,2025-02-22,Credit,33341.66,Transfer
937,192,2024-03-26,Debit,38192.71,Bill Payment
938,450,2026-06-15,Credit,46735.72,Salary
939,380,2026-03-20,Credit,52631.02,Salary
940,80,2026-05-23,Credit,22154.21,Deposit
941,292,2025-02-12,Credit,17117.32,Cash Deposit
942,343,2024-04-05,Debit,35207.88,Transfer
943,56,2024-03-28,Credit,55017.47,Cash Deposit
944,394,2025-03-19,Credit,30413.28,Salary
945,163,2024-12-16,Debit,16341.32,Transfer
946,59,2024-10-12,Debit,3352.03,Online Payment
947,486,2025-04-26,Credit,48196.12,Transfer
948,291,2024-02-02,Debit,5148.82,Bill Payment
949,405,2025-03-16,Debit,16399.85,Online Payment
950,445,2024-01-24,Debit,20603.68,Online Payment
951,43,2024-05-25,Credit,20905.95,Salary
952,153,2026-06-13,Debit,65411.04,Online Payment
953,343,2026-07-03,Debit,14213.83,ATM Withdrawal
954,48,2026-07-05,Debit,25980.43,Bill Payment
955,85,2024-07-22,Debit,70674.65,Transfer
956,244,2025-07-02,Credit,72436.44,Cash Deposit
957,182,2026-07-23,Debit,61814.67,Online Payment
958,40,2026-01-10,Credit,24618.08,Transfer
959,8,2024-06-03,Debit,70069.55,Transfer
960,443,2024-11-20,Credit,59505.25,Cash Deposit
961,135,2025-06-17,Credit,74123.78,Deposit
962,325,2025-04-05,Credit,3218.2,Deposit
963,216,2025-12-14,Credit,45270.28,Deposit
964,179,2024-08-02,Credit,72894.97,Salary
965,190,2026-04-13,Debit,1706.25,Bill Payment
966,258,2026-04-18,Credit,52599.13,Cash Deposit
967,212,2025-02-24,Debit,26739.74,Transfer
968,268,2026-02-22,Debit,8946.81,Online Payment
969,235,2025-03-14,Debit,13678.69,Online Payment
970,278,2025-03-22,Debit,21734.58,Transfer
971,325,2024-10-17,Credit,74654.56,Salary
972,46,2025-10-27,Credit,46411.4,Cash Deposit
973,54,2025-05-23,Credit,47697.62,Salary
974,342,2024-10-23,Debit,16284.4,Transfer
975,283,2025-01-25,Credit,15069.24,Cash Deposit
976,487,2024-05-07,Debit,72587.4,Transfer
977,212,2026-07-18,Debit,1066.58,Bill Payment
978,401,2024-08-17,Debit,20436.88,Bill Payment
979,158,2026-05-08,Debit,50660.91,ATM Withdrawal
980,461,2026-07-19,Debit,2934.26,ATM Withdrawal
981,79,2026-03-20,Debit,63137.34,Bill Payment
982,172,2024-06-23,Debit,18516.42,Transfer
983,99,2025-09-23,Debit,62226.97,Transfer
984,66,2026-08-19,Debit,73312.99,Online Payment
985,207,2026-07-14,Debit,39037.14,Transfer
986,119,2024-04-11,Credit,38067.15,Cash Deposit
987,432,2026-02-19,Debit,62881.67,Online Payment
988,486,2024-11-26,Credit,7447.45,Salary
989,224,2024-01-12,Credit,2572.47,Salary
990,293,2025-01-26,Credit,55804.3,Deposit
991,233,2025-10-11,Debit,14398.36,Online Payment
992,153,2024-07-17,Credit,54610.29,Cash Deposit
993,395,2024-09-23,Credit,20984.88,Deposit
994,322,2024-01-24,Credit,8764.4,Salary
995,55,2024-05-25,Debit,20018.6,Online Payment
996,48,2024-03-20,Debit,63424.46,Online Payment
997,201,2024-04-13,Debit,59760.39,Transfer
998,38,2025-05-13,Credit,16167.05,Cash Deposit
999,193,2026-06-30,Debit,47699.61,Transfer
1000,414,2024-06-13,Credit,22757.25,Deposit
